2016-10-09 04:00:00,0.000,w/h(Hour),0.000,w/h(Total),25.08,V(Min),0.00,A(Min),25.12,V(Max),0.00,A(Max)
2016-10-09 05:00:00,0.000,w/h(Hour),0.000,w/h(Total),25.06,V(Min),0.00,A(Min),25.08,V(Max),0.00,A(Max)
2016-10-09 06:00:00,0.000,w/h(Hour),0.000,w/h(Total),25.05,V(Min),0.00,A(Min),25.06,V(Max),0.00,A(Max)
2016-10-09 07:00:00,0.000,w/h(Hour),0.000,w/h(Total),25.04,V(Min),0.00,A(Min),25.05,V(Max),0.00,A(Max)
2016-10-09 08:00:00,0.000,w/h(Hour),0.000,w/h(Total),25.04,V(Min),0.00,A(Min),25.04,V(Max),0.00,A(Max)
2016-10-09 09:00:00,0.000,w/h(Hour),0.000,w/h(Total),25.03,V(Min),0.00,A(Min),25.04,V(Max),0.00,A(Max)
2016-10-09 10:00:00,0.000,w/h(Hour),0.000,w/h(Total),25.03,V(Min),0.00,A(Min),25.03,V(Max),0.00,A(Max)
2016-10-09 11:00:00,0.000,w/h(Hour),0.000,w/h(Total),25.02,V(Min),0.00,A(Min),25.03,V(Max),0.00,A(Max)
2016-10-09 12:00:00,0.150,w/h(Hour),0.150,w/h(Total),25.02,V(Min),0.00,A(Min),25.05,V(Max),0.08,A(Max)
2016-10-09 13:00:00,35.153,w/h(Hour),35.303,w/h(Total),25.05,V(Min),0.07,A(Min),26.35,V(Max),2.51,A(Max)
2016-10-09 14:00:00,71.435,w/h(Hour),106.738,w/h(Total),25.93,V(Min),0.00,A(Min),27.10,V(Max),4.14,A(Max)
2016-10-09 15:00:00,43.340,w/h(Hour),150.077,w/h(Total),26.32,V(Min),1.26,A(Min),26.75,V(Max),3.28,A(Max)
2016-10-09 16:00:00,41.620,w/h(Hour),191.697,w/h(Total),25.94,V(Min),0.00,A(Min),26.99,V(Max),9.09,A(Max)
2016-10-09 17:00:00,36.969,w/h(Hour),228.667,w/h(Total),25.92,V(Min),0.00,A(Min),26.94,V(Max),8.82,A(Max)
2016-10-09 18:00:00,36.615,w/h(Hour),265.282,w/h(Total),25.93,V(Min),0.00,A(Min),26.97,V(Max),6.83,A(Max)
2016-10-09 19:00:00,36.718,w/h(Hour),302.000,w/h(Total),25.93,V(Min),0.00,A(Min),27.00,V(Max),6.28,A(Max)
2016-10-09 20:00:00,17.101,w/h(Hour),319.101,w/h(Total),25.39,V(Min),0.00,A(Min),26.95,V(Max),5.72,A(Max)
2016-10-09 21:00:00,14.355,w/h(Hour),333.456,w/h(Total),25.39,V(Min),0.00,A(Min),27.09,V(Max),9.74,A(Max)
2016-10-09 22:00:00,22.047,w/h(Hour),355.503,w/h(Total),25.94,V(Min),0.00,A(Min),27.01,V(Max),8.13,A(Max)
2016-10-09 23:00:00,6.780,w/h(Hour),362.283,w/h(Total),25.59,V(Min),0.05,A(Min),25.99,V(Max),0.44,A(Max)
2016-10-10 00:00:00,0.084,w/h(Hour),362.367,w/h(Total),25.43,V(Min),0.00,A(Min),25.59,V(Max),0.05,A(Max)
2016-10-10 01:00:00,0.000,w/h(Hour),362.367,w/h(Total),25.38,V(Min),0.00,A(Min),25.43,V(Max),0.00,A(Max)
2016-10-10 02:00:00,0.000,w/h(Hour),362.367,w/h(Total),25.34,V(Min),0.00,A(Min),25.38,V(Max),0.00,A(Max)
2016-10-10 03:00:00,0.000,w/h(Hour),362.367,w/h(Total),25.30,V(Min),0.00,A(Min),25.34,V(Max),0.00,A(Max)
2016-10-10 04:00:00,0.000,w/h(Hour),362.367,w/h(Total),25.26,V(Min),0.00,A(Min),25.30,V(Max),0.00,A(Max)
2016-10-10 05:00:00,0.000,w/h(Hour),362.367,w/h(Total),25.22,V(Min),0.00,A(Min),25.26,V(Max),0.00,A(Max)
2016-10-10 06:00:00,0.000,w/h(Hour),362.367,w/h(Total),25.18,V(Min),0.00,A(Min),25.22,V(Max),0.00,A(Max)
2016-10-10 07:00:00,0.000,w/h(Hour),362.367,w/h(Total),25.15,V(Min),0.00,A(Min),25.18,V(Max),0.00,A(Max)
2016-10-10 08:00:00,0.000,w/h(Hour),362.367,w/h(Total),25.12,V(Min),0.00,A(Min),25.15,V(Max),0.00,A(Max)
2016-10-10 09:00:00,0.000,w/h(Hour),362.367,w/h(Total),25.09,V(Min),0.00,A(Min),25.12,V(Max),0.00,A(Max)
2016-10-10 10:00:00,0.000,w/h(Hour),362.367,w/h(Total),25.07,V(Min),0.00,A(Min),25.09,V(Max),0.00,A(Max)
2016-10-10 11:00:00,0.000,w/h(Hour),362.367,w/h(Total),25.05,V(Min),0.00,A(Min),25.07,V(Max),0.00,A(Max)
2016-10-10 12:00:00,0.251,w/h(Hour),362.618,w/h(Total),25.04,V(Min),0.00,A(Min),25.07,V(Max),0.10,A(Max)
2016-10-10 13:00:00,55.175,w/h(Hour),417.793,w/h(Total),25.07,V(Min),0.00,A(Min),27.10,V(Max),4.53,A(Max)
2016-10-10 14:00:00,20.610,w/h(Hour),438.403,w/h(Total),25.90,V(Min),0.00,A(Min),26.98,V(Max),9.21,A(Max)
2016-10-10 15:00:00,19.076,w/h(Hour),457.479,w/h(Total),25.89,V(Min),0.00,A(Min),26.84,V(Max),11.98,A(Max)
2016-10-10 16:00:00,17.234,w/h(Hour),474.713,w/h(Total),25.88,V(Min),0.00,A(Min),26.88,V(Max),13.98,A(Max)
2016-10-10 17:00:00,17.113,w/h(Hour),491.826,w/h(Total),25.88,V(Min),0.00,A(Min),26.93,V(Max),14.58,A(Max)
2016-10-10 18:00:00,16.331,w/h(Hour),508.158,w/h(Total),25.88,V(Min),0.00,A(Min),26.88,V(Max),14.66,A(Max)
2016-10-10 19:00:00,16.146,w/h(Hour),524.304,w/h(Total),25.89,V(Min),0.00,A(Min),26.91,V(Max),14.53,A(Max)
2016-10-10 20:00:00,16.015,w/h(Hour),540.319,w/h(Total),25.89,V(Min),0.00,A(Min),26.95,V(Max),13.55,A(Max)
2016-10-10 21:00:00,16.552,w/h(Hour),556.872,w/h(Total),25.90,V(Min),0.00,A(Min),26.94,V(Max),10.78,A(Max)
2016-10-10 22:00:00,20.207,w/h(Hour),577.078,w/h(Total),25.90,V(Min),0.00,A(Min),26.96,V(Max),7.95,A(Max)
2016-10-10 23:00:00,10.420,w/h(Hour),587.498,w/h(Total),25.70,V(Min),0.12,A(Min),26.14,V(Max),0.71,A(Max)
2016-10-11 00:00:00,0.243,w/h(Hour),587.741,w/h(Total),25.45,V(Min),0.00,A(Min),25.70,V(Max),0.13,A(Max)
2016-10-11 01:00:00,0.000,w/h(Hour),587.741,w/h(Total),25.37,V(Min),0.00,A(Min),25.45,V(Max),0.00,A(Max)
2016-10-11 02:00:00,0.000,w/h(Hour),587.741,w/h(Total),25.30,V(Min),0.00,A(Min),25.37,V(Max),0.00,A(Max)
2016-10-11 03:00:00,0.000,w/h(Hour),587.741,w/h(Total),25.25,V(Min),0.00,A(Min),25.30,V(Max),0.00,A(Max)
2016-10-11 04:00:00,0.000,w/h(Hour),587.741,w/h(Total),25.20,V(Min),0.00,A(Min),25.25,V(Max),0.00,A(Max)
2016-10-11 05:00:00,0.000,w/h(Hour),587.741,w/h(Total),25.15,V(Min),0.00,A(Min),25.20,V(Max),0.00,A(Max)
2016-10-11 06:00:00,0.000,w/h(Hour),587.741,w/h(Total),25.11,V(Min),0.00,A(Min),25.15,V(Max),0.00,A(Max)
2016-10-11 07:00:00,0.000,w/h(Hour),587.741,w/h(Total),25.08,V(Min),0.00,A(Min),25.11,V(Max),0.00,A(Max)
2016-10-11 08:00:00,0.000,w/h(Hour),587.741,w/h(Total),25.06,V(Min),0.00,A(Min),25.08,V(Max),0.00,A(Max)
2016-10-11 09:00:00,0.000,w/h(Hour),587.741,w/h(Total),25.04,V(Min),0.00,A(Min),25.06,V(Max),0.00,A(Max)
2016-10-11 10:00:00,0.000,w/h(Hour),587.741,w/h(Total),25.03,V(Min),0.00,A(Min),25.05,V(Max),0.00,A(Max)
2016-10-11 11:00:00,0.000,w/h(Hour),587.741,w/h(Total),25.02,V(Min),0.00,A(Min),25.03,V(Max),0.00,A(Max)
2016-10-11 12:00:00,0.013,w/h(Hour),587.755,w/h(Total),25.02,V(Min),0.00,A(Min),25.03,V(Max),0.03,A(Max)
2016-10-11 13:00:00,45.360,w/h(Hour),633.115,w/h(Total),25.03,V(Min),0.00,A(Min),27.09,V(Max),4.93,A(Max)
2016-10-11 14:00:00,32.986,w/h(Hour),666.101,w/h(Total),25.91,V(Min),0.00,A(Min),27.08,V(Max),8.29,A(Max)
2016-10-11 15:00:00,19.836,w/h(Hour),685.937,w/h(Total),25.90,V(Min),0.00,A(Min),26.95,V(Max),11.86,A(Max)
2016-10-11 16:00:00,30.672,w/h(Hour),716.609,w/h(Total),25.90,V(Min),0.00,A(Min),27.09,V(Max),14.21,A(Max)
2016-10-11 17:00:00,16.116,w/h(Hour),732.725,w/h(Total),25.90,V(Min),0.00,A(Min),26.98,V(Max),15.32,A(Max)
2016-10-11 18:00:00,17.633,w/h(Hour),750.358,w/h(Total),25.90,V(Min),0.00,A(Min),26.98,V(Max),16.55,A(Max)
2016-10-11 19:00:00,17.000,w/h(Hour),767.358,w/h(Total),25.90,V(Min),0.00,A(Min),26.94,V(Max),16.26,A(Max)
2016-10-11 20:00:00,37.075,w/h(Hour),804.433,w/h(Total),25.93,V(Min),0.00,A(Min),27.10,V(Max),3.82,A(Max)
2016-10-11 21:00:00,25.779,w/h(Hour),830.211,w/h(Total),25.92,V(Min),0.00,A(Min),26.95,V(Max),8.12,A(Max)
2016-10-11 22:00:00,22.524,w/h(Hour),852.735,w/h(Total),25.93,V(Min),0.00,A(Min),27.09,V(Max),7.21,A(Max)
2016-10-11 23:00:00,13.706,w/h(Hour),866.442,w/h(Total),25.72,V(Min),0.01,A(Min),26.47,V(Max),1.27,A(Max)
2016-10-12 00:00:00,0.003,w/h(Hour),866.445,w/h(Total),25.53,V(Min),0.00,A(Min),25.72,V(Max),0.01,A(Max)
2016-10-12 01:00:00,0.000,w/h(Hour),866.445,w/h(Total),25.46,V(Min),0.00,A(Min),25.53,V(Max),0.00,A(Max)
2016-10-12 02:00:00,0.000,w/h(Hour),866.445,w/h(Total),25.40,V(Min),0.00,A(Min),25.46,V(Max),0.00,A(Max)
2016-10-12 03:00:00,0.000,w/h(Hour),866.445,w/h(Total),25.36,V(Min),0.00,A(Min),25.40,V(Max),0.00,A(Max)
2016-10-12 04:00:00,0.000,w/h(Hour),866.445,w/h(Total),25.32,V(Min),0.00,A(Min),25.36,V(Max),0.00,A(Max)
2016-10-12 05:00:00,0.000,w/h(Hour),866.445,w/h(Total),25.28,V(Min),0.00,A(Min),25.32,V(Max),0.00,A(Max)
2016-10-12 06:00:00,0.000,w/h(Hour),866.445,w/h(Total),25.24,V(Min),0.00,A(Min),25.28,V(Max),0.00,A(Max)
2016-10-12 07:00:00,0.000,w/h(Hour),866.445,w/h(Total),25.20,V(Min),0.00,A(Min),25.24,V(Max),0.00,A(Max)
2016-10-12 08:00:00,0.000,w/h(Hour),866.445,w/h(Total),25.16,V(Min),0.00,A(Min),25.20,V(Max),0.00,A(Max)
2016-10-12 09:00:00,0.000,w/h(Hour),866.445,w/h(Total),25.13,V(Min),0.00,A(Min),25.16,V(Max),0.00,A(Max)
2016-10-12 10:00:00,0.000,w/h(Hour),866.445,w/h(Total),25.10,V(Min),0.00,A(Min),25.13,V(Max),0.00,A(Max)
2016-10-12 11:00:00,0.000,w/h(Hour),866.445,w/h(Total),25.07,V(Min),0.00,A(Min),25.10,V(Max),0.00,A(Max)
2016-10-12 12:00:00,0.000,w/h(Hour),866.445,w/h(Total),25.05,V(Min),0.00,A(Min),25.07,V(Max),0.00,A(Max)
2016-10-12 13:00:00,1.366,w/h(Hour),867.811,w/h(Total),25.05,V(Min),0.00,A(Min),25.09,V(Max),0.18,A(Max)
2016-10-12 14:00:00,28.127,w/h(Hour),895.938,w/h(Total),25.09,V(Min),0.00,A(Min),27.02,V(Max),8.24,A(Max)
2016-10-12 15:00:00,32.084,w/h(Hour),928.022,w/h(Total),25.92,V(Min),0.00,A(Min),27.02,V(Max),13.59,A(Max)
2016-10-12 16:00:00,24.320,w/h(Hour),952.342,w/h(Total),25.91,V(Min),0.00,A(Min),27.06,V(Max),13.57,A(Max)
2016-10-12 17:00:00,19.224,w/h(Hour),971.566,w/h(Total),25.91,V(Min),0.00,A(Min),26.97,V(Max),13.42,A(Max)
2016-10-12 18:00:00,27.393,w/h(Hour),998.959,w/h(Total),25.91,V(Min),0.00,A(Min),27.08,V(Max),13.10,A(Max)
2016-10-12 19:00:00,31.171,w/h(Hour),1030.130,w/h(Total),25.93,V(Min),0.00,A(Min),27.06,V(Max),7.92,A(Max)
2016-10-12 20:00:00,27.165,w/h(Hour),1057.295,w/h(Total),25.93,V(Min),0.00,A(Min),27.10,V(Max),6.37,A(Max)
2016-10-12 21:00:00,10.196,w/h(Hour),1067.491,w/h(Total),25.64,V(Min),0.00,A(Min),26.45,V(Max),1.41,A(Max)
2016-10-12 22:00:00,3.110,w/h(Hour),1070.601,w/h(Total),25.54,V(Min),0.00,A(Min),25.66,V(Max),0.33,A(Max)
2016-10-12 23:00:00,0.074,w/h(Hour),1070.675,w/h(Total),25.44,V(Min),0.00,A(Min),25.54,V(Max),0.03,A(Max)
2016-10-13 00:00:00,0.000,w/h(Hour),1070.675,w/h(Total),25.38,V(Min),0.00,A(Min),25.44,V(Max),0.00,A(Max)
2016-10-13 01:00:00,0.000,w/h(Hour),1070.675,w/h(Total),25.32,V(Min),0.00,A(Min),25.38,V(Max),0.00,A(Max)
2016-10-13 02:00:00,0.000,w/h(Hour),1070.675,w/h(Total),25.13,V(Min),0.00,A(Min),25.32,V(Max),0.00,A(Max)
2016-10-13 03:00:00,0.000,w/h(Hour),1070.675,w/h(Total),25.11,V(Min),0.00,A(Min),25.20,V(Max),0.00,A(Max)
2016-10-13 04:00:00,0.000,w/h(Hour),1070.675,w/h(Total),25.12,V(Min),0.00,A(Min),25.16,V(Max),0.00,A(Max)
2016-10-13 05:00:00,0.000,w/h(Hour),1070.675,w/h(Total),25.08,V(Min),0.00,A(Min),25.12,V(Max),0.00,A(Max)
2016-10-13 06:00:00,0.000,w/h(Hour),1070.675,w/h(Total),25.06,V(Min),0.00,A(Min),25.08,V(Max),0.09,A(Max)
2016-10-13 07:00:00,0.000,w/h(Hour),1070.675,w/h(Total),25.04,V(Min),0.00,A(Min),25.06,V(Max),0.00,A(Max)
2016-10-13 08:00:00,0.000,w/h(Hour),1070.675,w/h(Total),25.03,V(Min),0.00,A(Min),25.04,V(Max),0.00,A(Max)
2016-10-13 09:00:00,0.000,w/h(Hour),1070.675,w/h(Total),25.02,V(Min),0.00,A(Min),25.03,V(Max),0.00,A(Max)
2016-10-13 10:00:00,0.000,w/h(Hour),1070.675,w/h(Total),25.01,V(Min),0.00,A(Min),25.02,V(Max),0.00,A(Max)
2016-10-13 11:00:00,0.000,w/h(Hour),1070.675,w/h(Total),25.01,V(Min),0.00,A(Min),25.01,V(Max),0.00,A(Max)
2016-10-13 12:00:00,0.129,w/h(Hour),1070.804,w/h(Total),25.00,V(Min),0.00,A(Min),25.03,V(Max),0.07,A(Max)
2016-10-13 13:00:00,52.571,w/h(Hour),1123.375,w/h(Total),25.03,V(Min),0.00,A(Min),27.10,V(Max),5.78,A(Max)
2016-10-13 14:00:00,25.473,w/h(Hour),1148.848,w/h(Total),25.92,V(Min),0.00,A(Min),26.99,V(Max),10.56,A(Max)
2016-10-13 15:00:00,24.597,w/h(Hour),1173.444,w/h(Total),25.90,V(Min),0.00,A(Min),26.98,V(Max),13.87,A(Max)
2016-10-13 16:00:00,37.024,w/h(Hour),1210.468,w/h(Total),25.91,V(Min),0.00,A(Min),27.09,V(Max),17.21,A(Max)
2016-10-13 17:00:00,20.962,w/h(Hour),1231.430,w/h(Total),25.90,V(Min),0.00,A(Min),27.03,V(Max),16.23,A(Max)
2016-10-13 18:00:00,22.109,w/h(Hour),1253.539,w/h(Total),25.90,V(Min),0.00,A(Min),27.08,V(Max),18.19,A(Max)
2016-10-13 19:00:00,15.831,w/h(Hour),1269.369,w/h(Total),25.89,V(Min),0.00,A(Min),26.91,V(Max),17.14,A(Max)
2016-10-13 20:00:00,21.379,w/h(Hour),1290.749,w/h(Total),25.89,V(Min),0.00,A(Min),26.96,V(Max),14.98,A(Max)
2016-10-13 21:00:00,18.330,w/h(Hour),1309.079,w/h(Total),25.90,V(Min),0.00,A(Min),26.79,V(Max),12.12,A(Max)
2016-10-13 22:00:00,14.626,w/h(Hour),1323.705,w/h(Total),25.91,V(Min),0.00,A(Min),26.98,V(Max),8.54,A(Max)
2016-10-13 23:00:00,5.240,w/h(Hour),1328.944,w/h(Total),25.58,V(Min),0.01,A(Min),25.95,V(Max),0.38,A(Max)
2016-10-14 00:00:00,0.003,w/h(Hour),1328.947,w/h(Total),25.37,V(Min),0.00,A(Min),25.58,V(Max),0.01,A(Max)
2016-10-14 01:00:00,0.000,w/h(Hour),1328.947,w/h(Total),25.36,V(Min),0.00,A(Min),25.42,V(Max),0.06,A(Max)
2016-10-14 02:00:00,0.000,w/h(Hour),1328.947,w/h(Total),25.34,V(Min),0.00,A(Min),25.38,V(Max),0.09,A(Max)
2016-10-14 03:00:00,0.000,w/h(Hour),1328.947,w/h(Total),25.29,V(Min),0.00,A(Min),25.34,V(Max),0.00,A(Max)
2016-10-14 04:00:00,0.000,w/h(Hour),1328.947,w/h(Total),25.25,V(Min),0.00,A(Min),25.29,V(Max),0.00,A(Max)
2016-10-14 05:00:00,0.000,w/h(Hour),1328.947,w/h(Total),25.21,V(Min),0.00,A(Min),25.25,V(Max),0.02,A(Max)
2016-10-14 06:00:00,0.000,w/h(Hour),1328.947,w/h(Total),25.17,V(Min),0.00,A(Min),25.21,V(Max),0.00,A(Max)
2016-10-14 07:00:00,0.000,w/h(Hour),1328.947,w/h(Total),25.13,V(Min),0.00,A(Min),25.17,V(Max),0.00,A(Max)
2016-10-14 08:00:00,0.000,w/h(Hour),1328.947,w/h(Total),25.09,V(Min),0.00,A(Min),25.13,V(Max),0.00,A(Max)
2016-10-14 09:00:00,0.000,w/h(Hour),1328.947,w/h(Total),25.06,V(Min),0.00,A(Min),25.09,V(Max),0.00,A(Max)
2016-10-14 10:00:00,0.000,w/h(Hour),1328.947,w/h(Total),25.03,V(Min),0.00,A(Min),25.06,V(Max),0.00,A(Max)
2016-10-14 11:00:00,0.000,w/h(Hour),1328.947,w/h(Total),25.02,V(Min),0.00,A(Min),25.03,V(Max),0.00,A(Max)
2016-10-14 12:00:00,0.146,w/h(Hour),1329.094,w/h(Total),25.01,V(Min),0.00,A(Min),25.03,V(Max),0.08,A(Max)
2016-10-14 13:00:00,46.471,w/h(Hour),1375.565,w/h(Total),25.03,V(Min),0.00,A(Min),27.08,V(Max),4.86,A(Max)
2016-10-14 14:00:00,22.431,w/h(Hour),1397.996,w/h(Total),25.88,V(Min),0.00,A(Min),26.96,V(Max),9.32,A(Max)
2016-10-14 15:00:00,19.303,w/h(Hour),1417.299,w/h(Total),25.87,V(Min),0.00,A(Min),26.90,V(Max),12.21,A(Max)
2016-10-14 16:00:00,17.758,w/h(Hour),1435.057,w/h(Total),25.87,V(Min),0.00,A(Min),26.92,V(Max),14.27,A(Max)
2016-10-14 17:00:00,17.105,w/h(Hour),1452.163,w/h(Total),25.87,V(Min),0.00,A(Min),26.86,V(Max),14.75,A(Max)
2016-10-14 18:00:00,16.638,w/h(Hour),1468.801,w/h(Total),25.87,V(Min),0.00,A(Min),26.79,V(Max),15.29,A(Max)
2016-10-14 19:00:00,16.291,w/h(Hour),1485.092,w/h(Total),25.87,V(Min),0.00,A(Min),26.92,V(Max),14.55,A(Max)
2016-10-14 20:00:00,16.004,w/h(Hour),1501.095,w/h(Total),25.87,V(Min),0.00,A(Min),26.91,V(Max),13.66,A(Max)
2016-10-14 21:00:00,16.225,w/h(Hour),1517.320,w/h(Total),25.88,V(Min),0.00,A(Min),26.82,V(Max),11.74,A(Max)
2016-10-14 22:00:00,20.463,w/h(Hour),1537.783,w/h(Total),25.89,V(Min),0.00,A(Min),26.94,V(Max),8.11,A(Max)
2016-10-14 23:00:00,5.904,w/h(Hour),1543.687,w/h(Total),25.56,V(Min),0.00,A(Min),26.06,V(Max),0.55,A(Max)
2016-10-15 00:00:00,0.000,w/h(Hour),1543.687,w/h(Total),25.40,V(Min),0.00,A(Min),25.56,V(Max),0.00,A(Max)
2016-10-15 01:00:00,0.000,w/h(Hour),1543.687,w/h(Total),25.32,V(Min),0.00,A(Min),25.40,V(Max),0.00,A(Max)
2016-10-15 02:00:00,0.000,w/h(Hour),1543.687,w/h(Total),25.24,V(Min),0.00,A(Min),25.32,V(Max),0.00,A(Max)
2016-10-15 03:00:00,0.000,w/h(Hour),1543.687,w/h(Total),25.18,V(Min),0.00,A(Min),25.24,V(Max),0.00,A(Max)
2016-10-15 04:00:00,0.000,w/h(Hour),1543.687,w/h(Total),25.13,V(Min),0.00,A(Min),25.18,V(Max),0.00,A(Max)
2016-10-15 05:00:00,0.000,w/h(Hour),1543.687,w/h(Total),25.09,V(Min),0.00,A(Min),25.14,V(Max),0.01,A(Max)
2016-10-15 06:00:00,0.000,w/h(Hour),1543.687,w/h(Total),25.05,V(Min),0.00,A(Min),25.09,V(Max),0.00,A(Max)
2016-10-15 07:00:00,0.000,w/h(Hour),1543.687,w/h(Total),25.03,V(Min),0.00,A(Min),25.05,V(Max),0.00,A(Max)
2016-10-15 08:00:00,0.000,w/h(Hour),1543.687,w/h(Total),25.01,V(Min),0.00,A(Min),25.03,V(Max),0.00,A(Max)
2016-10-15 09:00:00,0.000,w/h(Hour),1543.687,w/h(Total),25.00,V(Min),0.00,A(Min),25.01,V(Max),0.00,A(Max)
2016-10-15 10:00:00,0.000,w/h(Hour),1543.687,w/h(Total),24.99,V(Min),0.00,A(Min),25.00,V(Max),0.00,A(Max)
2016-10-15 11:00:00,0.000,w/h(Hour),1543.687,w/h(Total),24.98,V(Min),0.00,A(Min),24.99,V(Max),0.00,A(Max)
2016-10-15 12:00:00,0.000,w/h(Hour),1543.687,w/h(Total),24.98,V(Min),0.00,A(Min),24.98,V(Max),0.00,A(Max)
2016-10-15 13:00:00,3.053,w/h(Hour),1546.740,w/h(Total),24.98,V(Min),0.00,A(Min),25.09,V(Max),0.31,A(Max)
2016-10-15 14:00:00,14.081,w/h(Hour),1560.821,w/h(Total),25.10,V(Min),0.23,A(Min),25.46,V(Max),1.08,A(Max)
2016-10-15 15:00:00,25.955,w/h(Hour),1586.776,w/h(Total),25.45,V(Min),0.58,A(Min),26.05,V(Max),1.88,A(Max)
2016-10-15 16:00:00,63.982,w/h(Hour),1650.759,w/h(Total),26.05,V(Min),0.00,A(Min),27.05,V(Max),4.80,A(Max)
2016-10-15 17:00:00,24.250,w/h(Hour),1675.008,w/h(Total),25.90,V(Min),0.00,A(Min),26.96,V(Max),16.36,A(Max)
2016-10-15 18:00:00,39.339,w/h(Hour),1714.347,w/h(Total),25.89,V(Min),0.00,A(Min),26.99,V(Max),16.52,A(Max)
2016-10-15 19:00:00,24.656,w/h(Hour),1739.003,w/h(Total),25.89,V(Min),0.00,A(Min),26.97,V(Max),15.63,A(Max)
2016-10-15 20:00:00,20.721,w/h(Hour),1759.724,w/h(Total),25.90,V(Min),0.00,A(Min),26.99,V(Max),12.41,A(Max)
2016-10-15 21:00:00,17.890,w/h(Hour),1777.614,w/h(Total),25.90,V(Min),0.00,A(Min),26.95,V(Max),10.69,A(Max)
2016-10-15 22:00:00,25.759,w/h(Hour),1803.373,w/h(Total),25.91,V(Min),0.00,A(Min),27.05,V(Max),6.59,A(Max)
2016-10-15 23:00:00,5.160,w/h(Hour),1808.534,w/h(Total),25.56,V(Min),0.00,A(Min),26.17,V(Max),0.68,A(Max)
2016-10-16 00:00:00,0.157,w/h(Hour),1808.690,w/h(Total),25.31,V(Min),0.00,A(Min),25.56,V(Max),13.12,A(Max)
2016-10-16 01:00:00,5.062,w/h(Hour),1813.753,w/h(Total),24.89,V(Min),0.00,A(Min),25.34,V(Max),10.48,A(Max)
2016-10-16 02:00:00,0.000,w/h(Hour),1813.753,w/h(Total),25.27,V(Min),0.00,A(Min),25.33,V(Max),0.00,A(Max)
2016-10-16 03:00:00,0.000,w/h(Hour),1813.753,w/h(Total),25.23,V(Min),0.00,A(Min),25.28,V(Max),0.00,A(Max)
2016-10-16 04:00:00,0.000,w/h(Hour),1813.753,w/h(Total),25.18,V(Min),0.00,A(Min),25.23,V(Max),0.00,A(Max)
2016-10-16 05:00:00,0.000,w/h(Hour),1813.753,w/h(Total),25.14,V(Min),0.00,A(Min),25.18,V(Max),0.00,A(Max)
2016-10-16 06:00:00,0.000,w/h(Hour),1813.753,w/h(Total),25.10,V(Min),0.00,A(Min),25.14,V(Max),0.00,A(Max)
2016-10-16 07:00:00,0.000,w/h(Hour),1813.753,w/h(Total),25.06,V(Min),0.00,A(Min),25.10,V(Max),0.00,A(Max)
2016-10-16 08:00:00,0.000,w/h(Hour),1813.753,w/h(Total),25.03,V(Min),0.00,A(Min),25.06,V(Max),0.00,A(Max)
2016-10-16 09:00:00,0.000,w/h(Hour),1813.753,w/h(Total),25.01,V(Min),0.00,A(Min),25.03,V(Max),0.00,A(Max)
2016-10-16 10:00:00,0.000,w/h(Hour),1813.753,w/h(Total),25.00,V(Min),0.00,A(Min),25.01,V(Max),0.00,A(Max)
2016-10-16 11:00:00,0.000,w/h(Hour),1813.753,w/h(Total),24.97,V(Min),0.00,A(Min),25.00,V(Max),0.00,A(Max)
2016-10-16 12:00:00,0.287,w/h(Hour),1814.039,w/h(Total),24.98,V(Min),0.00,A(Min),25.04,V(Max),0.26,A(Max)
2016-10-16 13:00:00,2.102,w/h(Hour),1816.141,w/h(Total),24.98,V(Min),0.00,A(Min),25.11,V(Max),0.34,A(Max)
2016-10-16 14:00:00,0.000,w/h(Hour),1816.141,w/h(Total),24.97,V(Min),0.00,A(Min),24.98,V(Max),0.12,A(Max)
2016-10-16 15:00:00,3.707,w/h(Hour),1819.849,w/h(Total),24.98,V(Min),0.00,A(Min),25.10,V(Max),0.35,A(Max)
2016-10-16 16:00:00,23.136,w/h(Hour),1842.984,w/h(Total),25.10,V(Min),0.33,A(Min),25.62,V(Max),1.96,A(Max)
2016-10-16 17:00:00,16.064,w/h(Hour),1859.049,w/h(Total),25.45,V(Min),0.34,A(Min),25.63,V(Max),0.98,A(Max)
2016-10-16 18:00:00,20.540,w/h(Hour),1879.588,w/h(Total),25.61,V(Min),0.56,A(Min),25.82,V(Max),1.19,A(Max)
2016-10-16 19:00:00,24.506,w/h(Hour),1904.094,w/h(Total),25.77,V(Min),0.62,A(Min),25.96,V(Max),1.27,A(Max)
2016-10-16 20:00:00,18.827,w/h(Hour),1922.921,w/h(Total),25.70,V(Min),0.30,A(Min),25.98,V(Max),1.16,A(Max)
2016-10-16 21:00:00,8.060,w/h(Hour),1930.981,w/h(Total),25.48,V(Min),0.14,A(Min),25.72,V(Max),0.57,A(Max)
2016-10-16 22:00:00,2.942,w/h(Hour),1933.923,w/h(Total),25.32,V(Min),0.04,A(Min),25.48,V(Max),0.18,A(Max)
2016-10-16 23:00:00,0.316,w/h(Hour),1934.240,w/h(Total),25.18,V(Min),0.00,A(Min),25.32,V(Max),0.05,A(Max)
2016-10-17 00:00:00,0.000,w/h(Hour),1934.240,w/h(Total),24.98,V(Min),0.00,A(Min),25.18,V(Max),0.00,A(Max)
2016-10-17 01:00:00,15.484,w/h(Hour),1949.723,w/h(Total),24.53,V(Min),0.00,A(Min),24.98,V(Max),10.59,A(Max)
2016-10-17 02:00:00,0.000,w/h(Hour),1949.723,w/h(Total),24.86,V(Min),0.00,A(Min),24.98,V(Max),0.00,A(Max)
2016-10-17 03:00:00,0.000,w/h(Hour),1949.723,w/h(Total),24.97,V(Min),0.00,A(Min),24.97,V(Max),0.00,A(Max)
2016-10-17 04:00:00,0.000,w/h(Hour),1949.723,w/h(Total),24.97,V(Min),0.00,A(Min),24.97,V(Max),0.00,A(Max)
2016-10-17 05:00:00,0.000,w/h(Hour),1949.723,w/h(Total),24.96,V(Min),0.00,A(Min),24.97,V(Max),0.00,A(Max)
2016-10-17 06:00:00,0.000,w/h(Hour),1949.723,w/h(Total),24.95,V(Min),0.00,A(Min),24.96,V(Max),0.00,A(Max)
2016-10-17 07:00:00,0.000,w/h(Hour),1949.723,w/h(Total),24.96,V(Min),0.00,A(Min),24.96,V(Max),0.00,A(Max)
2016-10-17 08:00:00,0.000,w/h(Hour),1949.723,w/h(Total),24.95,V(Min),0.00,A(Min),24.96,V(Max),0.00,A(Max)
2016-10-17 09:00:00,0.000,w/h(Hour),1949.723,w/h(Total),24.95,V(Min),0.00,A(Min),24.95,V(Max),0.00,A(Max)
2016-10-17 10:00:00,0.000,w/h(Hour),1949.723,w/h(Total),24.95,V(Min),0.00,A(Min),24.95,V(Max),0.00,A(Max)
2016-10-17 11:00:00,0.000,w/h(Hour),1949.723,w/h(Total),24.94,V(Min),0.00,A(Min),24.95,V(Max),0.00,A(Max)
2016-10-17 12:00:00,0.000,w/h(Hour),1949.723,w/h(Total),24.94,V(Min),0.00,A(Min),24.94,V(Max),0.00,A(Max)
2016-10-17 13:00:00,19.660,w/h(Hour),1969.383,w/h(Total),24.94,V(Min),0.00,A(Min),25.95,V(Max),3.53,A(Max)
2016-10-17 14:00:00,108.739,w/h(Hour),2078.122,w/h(Total),25.95,V(Min),0.00,A(Min),27.12,V(Max),8.78,A(Max)
2016-10-17 15:00:00,41.596,w/h(Hour),2119.719,w/h(Total),25.94,V(Min),0.00,A(Min),27.00,V(Max),11.33,A(Max)
2016-10-17 16:00:00,27.993,w/h(Hour),2147.712,w/h(Total),25.93,V(Min),0.00,A(Min),26.93,V(Max),14.85,A(Max)
2016-10-17 17:00:00,39.120,w/h(Hour),2186.832,w/h(Total),25.93,V(Min),0.00,A(Min),27.03,V(Max),15.99,A(Max)
2016-10-17 18:00:00,27.850,w/h(Hour),2214.682,w/h(Total),25.94,V(Min),0.00,A(Min),27.02,V(Max),15.39,A(Max)
2016-10-17 19:00:00,23.887,w/h(Hour),2238.569,w/h(Total),25.93,V(Min),0.00,A(Min),27.01,V(Max),14.73,A(Max)
2016-10-17 20:00:00,22.304,w/h(Hour),2260.872,w/h(Total),25.94,V(Min),0.00,A(Min),27.05,V(Max),13.67,A(Max)
2016-10-17 21:00:00,21.067,w/h(Hour),2281.940,w/h(Total),25.94,V(Min),0.00,A(Min),26.93,V(Max),10.21,A(Max)
2016-10-17 22:00:00,27.220,w/h(Hour),2309.160,w/h(Total),25.97,V(Min),0.00,A(Min),27.04,V(Max),5.60,A(Max)
2016-10-17 23:00:00,5.148,w/h(Hour),2314.308,w/h(Total),25.59,V(Min),0.00,A(Min),25.99,V(Max),0.42,A(Max)
2016-10-18 00:00:00,0.000,w/h(Hour),2314.308,w/h(Total),25.48,V(Min),0.00,A(Min),25.59,V(Max),0.00,A(Max)
2016-10-18 01:00:00,0.000,w/h(Hour),2314.308,w/h(Total),25.42,V(Min),0.00,A(Min),25.48,V(Max),0.00,A(Max)
2016-10-18 02:00:00,0.000,w/h(Hour),2314.308,w/h(Total),25.37,V(Min),0.00,A(Min),25.42,V(Max),0.00,A(Max)
2016-10-18 03:00:00,0.000,w/h(Hour),2314.308,w/h(Total),25.34,V(Min),0.00,A(Min),25.37,V(Max),0.00,A(Max)
2016-10-18 04:00:00,0.000,w/h(Hour),2314.308,w/h(Total),25.30,V(Min),0.00,A(Min),25.34,V(Max),0.00,A(Max)
2016-10-18 05:00:00,0.000,w/h(Hour),2314.308,w/h(Total),25.27,V(Min),0.00,A(Min),25.30,V(Max),0.00,A(Max)
2016-10-18 06:00:00,0.000,w/h(Hour),2314.308,w/h(Total),25.24,V(Min),0.00,A(Min),25.27,V(Max),0.00,A(Max)
2016-10-18 07:00:00,0.000,w/h(Hour),2314.308,w/h(Total),25.21,V(Min),0.00,A(Min),25.24,V(Max),0.00,A(Max)
2016-10-18 08:00:00,0.000,w/h(Hour),2314.308,w/h(Total),25.18,V(Min),0.00,A(Min),25.21,V(Max),0.00,A(Max)
2016-10-18 09:00:00,0.000,w/h(Hour),2314.308,w/h(Total),25.15,V(Min),0.00,A(Min),25.18,V(Max),0.00,A(Max)
2016-10-18 10:00:00,0.000,w/h(Hour),2314.308,w/h(Total),25.13,V(Min),0.00,A(Min),25.15,V(Max),0.00,A(Max)
2016-10-18 11:00:00,0.000,w/h(Hour),2314.308,w/h(Total),25.10,V(Min),0.00,A(Min),25.13,V(Max),0.00,A(Max)
2016-10-18 12:00:00,0.000,w/h(Hour),2314.308,w/h(Total),25.08,V(Min),0.00,A(Min),25.10,V(Max),0.00,A(Max)
2016-10-18 13:00:00,0.879,w/h(Hour),2315.187,w/h(Total),25.07,V(Min),0.00,A(Min),25.11,V(Max),0.15,A(Max)
2016-10-18 14:00:00,20.467,w/h(Hour),2335.655,w/h(Total),25.10,V(Min),0.12,A(Min),25.95,V(Max),4.53,A(Max)
2016-10-18 15:00:00,23.642,w/h(Hour),2359.297,w/h(Total),25.64,V(Min),0.60,A(Min),25.94,V(Max),1.51,A(Max)
2016-10-18 16:00:00,51.353,w/h(Hour),2410.650,w/h(Total),25.93,V(Min),1.31,A(Min),26.46,V(Max),4.32,A(Max)
2016-10-18 17:00:00,60.579,w/h(Hour),2471.229,w/h(Total),26.38,V(Min),1.74,A(Min),26.84,V(Max),4.04,A(Max)
2016-10-18 18:00:00,35.368,w/h(Hour),2506.597,w/h(Total),25.96,V(Min),0.00,A(Min),27.12,V(Max),14.67,A(Max)
2016-10-18 19:00:00,27.643,w/h(Hour),2534.239,w/h(Total),25.95,V(Min),0.00,A(Min),27.08,V(Max),14.49,A(Max)
2016-10-18 20:00:00,19.342,w/h(Hour),2553.581,w/h(Total),25.96,V(Min),0.00,A(Min),27.00,V(Max),12.83,A(Max)
2016-10-18 21:00:00,24.654,w/h(Hour),2578.236,w/h(Total),25.96,V(Min),0.00,A(Min),27.06,V(Max),10.19,A(Max)
2016-10-18 22:00:00,28.136,w/h(Hour),2606.372,w/h(Total),26.00,V(Min),0.00,A(Min),27.14,V(Max),4.79,A(Max)
2016-10-18 23:00:00,6.237,w/h(Hour),2612.609,w/h(Total),25.64,V(Min),0.00,A(Min),26.18,V(Max),0.58,A(Max)
2016-10-19 00:00:00,0.000,w/h(Hour),2612.609,w/h(Total),25.52,V(Min),0.00,A(Min),25.64,V(Max),0.00,A(Max)
2016-10-19 01:00:00,0.007,w/h(Hour),2612.617,w/h(Total),25.28,V(Min),0.00,A(Min),25.52,V(Max),3.47,A(Max)
2016-10-19 02:00:00,6.928,w/h(Hour),2619.544,w/h(Total),24.92,V(Min),0.00,A(Min),25.33,V(Max),18.25,A(Max)
2016-10-19 03:00:00,0.130,w/h(Hour),2619.675,w/h(Total),25.06,V(Min),0.00,A(Min),25.25,V(Max),4.39,A(Max)
2016-10-19 04:00:00,0.051,w/h(Hour),2619.725,w/h(Total),25.10,V(Min),0.00,A(Min),25.17,V(Max),2.09,A(Max)
2016-10-19 05:00:00,0.000,w/h(Hour),2619.725,w/h(Total),25.08,V(Min),0.00,A(Min),25.18,V(Max),0.00,A(Max)
2016-10-19 06:00:00,0.000,w/h(Hour),2619.725,w/h(Total),25.12,V(Min),0.00,A(Min),25.16,V(Max),0.00,A(Max)
2016-10-19 07:00:00,0.000,w/h(Hour),2619.725,w/h(Total),25.09,V(Min),0.00,A(Min),25.12,V(Max),0.00,A(Max)
2016-10-19 08:00:00,0.000,w/h(Hour),2619.725,w/h(Total),25.07,V(Min),0.00,A(Min),25.09,V(Max),0.00,A(Max)
2016-10-19 09:00:00,0.000,w/h(Hour),2619.725,w/h(Total),25.05,V(Min),0.00,A(Min),25.07,V(Max),0.00,A(Max)
2016-10-19 10:00:00,0.000,w/h(Hour),2619.725,w/h(Total),25.03,V(Min),0.00,A(Min),25.05,V(Max),0.00,A(Max)
2016-10-19 11:00:00,0.000,w/h(Hour),2619.725,w/h(Total),25.02,V(Min),0.00,A(Min),25.03,V(Max),0.00,A(Max)
2016-10-19 12:00:00,0.004,w/h(Hour),2619.729,w/h(Total),25.01,V(Min),0.00,A(Min),25.02,V(Max),0.01,A(Max)
2016-10-19 13:00:00,30.480,w/h(Hour),2650.209,w/h(Total),25.02,V(Min),0.01,A(Min),26.60,V(Max),4.95,A(Max)
2016-10-19 14:00:00,53.938,w/h(Hour),2704.147,w/h(Total),25.94,V(Min),0.00,A(Min),27.04,V(Max),8.39,A(Max)
2016-10-19 15:00:00,26.620,w/h(Hour),2730.767,w/h(Total),25.93,V(Min),0.00,A(Min),26.97,V(Max),11.94,A(Max)
2016-10-19 16:00:00,23.150,w/h(Hour),2753.917,w/h(Total),25.93,V(Min),0.00,A(Min),26.93,V(Max),13.46,A(Max)
2016-10-19 17:00:00,21.830,w/h(Hour),2775.747,w/h(Total),25.92,V(Min),0.00,A(Min),26.97,V(Max),14.57,A(Max)
2016-10-19 18:00:00,20.602,w/h(Hour),2796.349,w/h(Total),25.92,V(Min),0.00,A(Min),26.96,V(Max),14.03,A(Max)
2016-10-19 19:00:00,19.853,w/h(Hour),2816.202,w/h(Total),25.92,V(Min),0.00,A(Min),26.95,V(Max),13.80,A(Max)
2016-10-19 20:00:00,32.566,w/h(Hour),2848.768,w/h(Total),25.94,V(Min),0.00,A(Min),27.05,V(Max),13.83,A(Max)
2016-10-19 21:00:00,33.055,w/h(Hour),2881.823,w/h(Total),25.95,V(Min),0.00,A(Min),27.04,V(Max),10.48,A(Max)
2016-10-19 22:00:00,28.436,w/h(Hour),2910.259,w/h(Total),25.98,V(Min),0.00,A(Min),27.09,V(Max),2.94,A(Max)
2016-10-19 23:00:00,4.311,w/h(Hour),2914.570,w/h(Total),25.59,V(Min),0.00,A(Min),26.23,V(Max),0.81,A(Max)
2016-10-20 00:00:00,0.000,w/h(Hour),2914.570,w/h(Total),25.48,V(Min),0.00,A(Min),25.59,V(Max),0.00,A(Max)
2016-10-20 01:00:00,0.000,w/h(Hour),2914.570,w/h(Total),25.41,V(Min),0.00,A(Min),25.48,V(Max),0.00,A(Max)
2016-10-20 02:00:00,0.000,w/h(Hour),2914.570,w/h(Total),25.37,V(Min),0.00,A(Min),25.41,V(Max),0.00,A(Max)
2016-10-20 03:00:00,0.000,w/h(Hour),2914.570,w/h(Total),25.32,V(Min),0.00,A(Min),25.37,V(Max),0.00,A(Max)
2016-10-20 04:00:00,0.000,w/h(Hour),2914.570,w/h(Total),25.29,V(Min),0.00,A(Min),25.32,V(Max),0.00,A(Max)
2016-10-20 05:00:00,0.000,w/h(Hour),2914.570,w/h(Total),25.26,V(Min),0.00,A(Min),25.29,V(Max),0.00,A(Max)
2016-10-20 06:00:00,0.000,w/h(Hour),2914.570,w/h(Total),25.22,V(Min),0.00,A(Min),25.26,V(Max),0.00,A(Max)
2016-10-20 07:00:00,0.000,w/h(Hour),2914.570,w/h(Total),25.19,V(Min),0.00,A(Min),25.22,V(Max),0.00,A(Max)
2016-10-20 08:00:00,0.000,w/h(Hour),2914.570,w/h(Total),25.16,V(Min),0.00,A(Min),25.19,V(Max),0.00,A(Max)
2016-10-20 09:00:00,0.000,w/h(Hour),2914.570,w/h(Total),25.13,V(Min),0.00,A(Min),25.16,V(Max),0.00,A(Max)
2016-10-20 10:00:00,0.000,w/h(Hour),2914.570,w/h(Total),25.10,V(Min),0.00,A(Min),25.13,V(Max),0.00,A(Max)
2016-10-20 11:00:00,0.000,w/h(Hour),2914.570,w/h(Total),25.07,V(Min),0.00,A(Min),25.10,V(Max),0.00,A(Max)
2016-10-20 12:00:00,0.000,w/h(Hour),2914.570,w/h(Total),25.04,V(Min),0.00,A(Min),25.07,V(Max),0.00,A(Max)
2016-10-20 13:00:00,0.932,w/h(Hour),2915.502,w/h(Total),25.04,V(Min),0.00,A(Min),25.07,V(Max),0.14,A(Max)
2016-10-20 14:00:00,8.887,w/h(Hour),2924.388,w/h(Total),25.07,V(Min),0.12,A(Min),25.33,V(Max),0.68,A(Max)
2016-10-20 15:00:00,14.125,w/h(Hour),2938.513,w/h(Total),25.29,V(Min),0.38,A(Min),25.45,V(Max),0.72,A(Max)
2016-10-20 16:00:00,13.046,w/h(Hour),2951.559,w/h(Total),25.40,V(Min),0.31,A(Min),25.50,V(Max),0.69,A(Max)
2016-10-20 17:00:00,16.593,w/h(Hour),2968.152,w/h(Total),25.40,V(Min),0.41,A(Min),25.79,V(Max),1.29,A(Max)
2016-10-20 18:00:00,20.704,w/h(Hour),2988.856,w/h(Total),25.60,V(Min),0.23,A(Min),25.91,V(Max),1.31,A(Max)
2016-10-20 19:00:00,25.290,w/h(Hour),3014.147,w/h(Total),25.79,V(Min),0.55,A(Min),26.03,V(Max),1.27,A(Max)
2016-10-20 20:00:00,20.322,w/h(Hour),3034.468,w/h(Total),25.81,V(Min),0.45,A(Min),26.14,V(Max),1.43,A(Max)
2016-10-20 21:00:00,14.025,w/h(Hour),3048.493,w/h(Total),25.61,V(Min),0.14,A(Min),26.02,V(Max),1.13,A(Max)
2016-10-20 22:00:00,4.647,w/h(Hour),3053.140,w/h(Total),25.42,V(Min),0.06,A(Min),25.66,V(Max),0.46,A(Max)
2016-10-20 23:00:00,0.461,w/h(Hour),3053.601,w/h(Total),25.27,V(Min),0.00,A(Min),25.42,V(Max),0.11,A(Max)
2016-10-21 01:00:00,14.469,w/h(Hour),3073.208,w/h(Total),24.55,V(Min),0.00,A(Min),24.93,V(Max),17.82,A(Max)
2016-10-21 02:00:00,0.000,w/h(Hour),3073.208,w/h(Total),24.88,V(Min),0.00,A(Min),24.90,V(Max),0.00,A(Max)
2016-10-21 03:00:00,0.000,w/h(Hour),3073.208,w/h(Total),24.87,V(Min),0.00,A(Min),24.88,V(Max),0.00,A(Max)
2016-10-21 04:00:00,0.000,w/h(Hour),3073.208,w/h(Total),24.87,V(Min),0.00,A(Min),24.95,V(Max),0.00,A(Max)
2016-10-21 05:00:00,0.000,w/h(Hour),3073.208,w/h(Total),24.94,V(Min),0.00,A(Min),24.95,V(Max),0.00,A(Max)
2016-10-21 06:00:00,0.000,w/h(Hour),3073.208,w/h(Total),24.93,V(Min),0.00,A(Min),24.94,V(Max),0.00,A(Max)
2016-10-21 07:00:00,0.000,w/h(Hour),3073.208,w/h(Total),24.93,V(Min),0.00,A(Min),24.93,V(Max),0.00,A(Max)
2016-10-21 08:00:00,0.000,w/h(Hour),3073.208,w/h(Total),24.92,V(Min),0.00,A(Min),24.93,V(Max),0.00,A(Max)
2016-10-21 09:00:00,0.000,w/h(Hour),3073.208,w/h(Total),24.92,V(Min),0.00,A(Min),24.92,V(Max),0.00,A(Max)
2016-10-21 10:00:00,0.000,w/h(Hour),3073.208,w/h(Total),24.91,V(Min),0.00,A(Min),24.92,V(Max),0.00,A(Max)
2016-10-21 11:00:00,0.000,w/h(Hour),3073.208,w/h(Total),24.91,V(Min),0.00,A(Min),24.91,V(Max),0.00,A(Max)
2016-10-21 12:00:00,0.000,w/h(Hour),3073.208,w/h(Total),24.90,V(Min),0.00,A(Min),24.91,V(Max),0.00,A(Max)
2016-10-21 13:00:00,7.540,w/h(Hour),3080.748,w/h(Total),24.90,V(Min),0.00,A(Min),25.17,V(Max),1.49,A(Max)
2016-10-21 14:00:00,112.178,w/h(Hour),3192.926,w/h(Total),25.15,V(Min),0.00,A(Min),27.10,V(Max),10.81,A(Max)
2016-10-21 15:00:00,66.522,w/h(Hour),3259.448,w/h(Total),25.93,V(Min),0.00,A(Min),27.04,V(Max),14.86,A(Max)
2016-10-21 16:00:00,58.879,w/h(Hour),3318.328,w/h(Total),25.92,V(Min),0.00,A(Min),27.06,V(Max),14.62,A(Max)
2016-10-21 17:00:00,42.895,w/h(Hour),3361.222,w/h(Total),25.91,V(Min),0.00,A(Min),27.10,V(Max),18.44,A(Max)
2016-10-21 18:00:00,22.192,w/h(Hour),3383.414,w/h(Total),25.89,V(Min),0.00,A(Min),26.95,V(Max),19.41,A(Max)
2016-10-21 19:00:00,26.324,w/h(Hour),3409.737,w/h(Total),25.90,V(Min),0.00,A(Min),26.96,V(Max),18.47,A(Max)
2016-10-21 20:00:00,33.847,w/h(Hour),3443.584,w/h(Total),25.90,V(Min),0.00,A(Min),26.87,V(Max),15.64,A(Max)
2016-10-21 21:00:00,31.166,w/h(Hour),3474.750,w/h(Total),25.93,V(Min),0.00,A(Min),27.11,V(Max),7.39,A(Max)
2016-10-21 22:00:00,31.957,w/h(Hour),3506.707,w/h(Total),25.93,V(Min),0.00,A(Min),26.77,V(Max),4.92,A(Max)
2016-10-21 23:00:00,3.780,w/h(Hour),3510.488,w/h(Total),25.55,V(Min),0.00,A(Min),26.10,V(Max),0.57,A(Max)
2016-10-22 00:00:00,0.000,w/h(Hour),3510.488,w/h(Total),25.46,V(Min),0.00,A(Min),25.55,V(Max),0.00,A(Max)
2016-10-22 01:00:00,0.000,w/h(Hour),3510.488,w/h(Total),25.40,V(Min),0.00,A(Min),25.46,V(Max),0.00,A(Max)
2016-10-22 02:00:00,0.000,w/h(Hour),3510.488,w/h(Total),25.35,V(Min),0.00,A(Min),25.40,V(Max),0.00,A(Max)
2016-10-22 03:00:00,0.000,w/h(Hour),3510.488,w/h(Total),25.31,V(Min),0.00,A(Min),25.35,V(Max),0.00,A(Max)
2016-10-22 04:00:00,0.000,w/h(Hour),3510.488,w/h(Total),25.28,V(Min),0.00,A(Min),25.31,V(Max),0.00,A(Max)
2016-10-22 05:00:00,0.000,w/h(Hour),3510.488,w/h(Total),25.24,V(Min),0.00,A(Min),25.28,V(Max),0.00,A(Max)
2016-10-22 06:00:00,0.000,w/h(Hour),3510.488,w/h(Total),25.21,V(Min),0.00,A(Min),25.24,V(Max),0.00,A(Max)
2016-10-22 07:00:00,0.000,w/h(Hour),3510.488,w/h(Total),25.20,V(Min),0.00,A(Min),25.23,V(Max),0.00,A(Max)
2016-10-22 08:00:00,0.000,w/h(Hour),3510.488,w/h(Total),25.17,V(Min),0.00,A(Min),25.20,V(Max),0.00,A(Max)
2016-10-22 09:00:00,0.000,w/h(Hour),3510.488,w/h(Total),25.15,V(Min),0.00,A(Min),25.17,V(Max),0.00,A(Max)
2016-10-22 10:00:00,0.000,w/h(Hour),3510.488,w/h(Total),25.12,V(Min),0.00,A(Min),25.15,V(Max),0.00,A(Max)
2016-10-22 11:00:00,0.000,w/h(Hour),3510.488,w/h(Total),25.10,V(Min),0.00,A(Min),25.12,V(Max),0.00,A(Max)
2016-10-22 12:00:00,0.000,w/h(Hour),3510.488,w/h(Total),25.08,V(Min),0.00,A(Min),25.10,V(Max),0.00,A(Max)
2016-10-22 13:00:00,26.679,w/h(Hour),3537.167,w/h(Total),25.08,V(Min),0.00,A(Min),26.86,V(Max),5.25,A(Max)
2016-10-22 14:00:00,37.123,w/h(Hour),3574.290,w/h(Total),25.92,V(Min),0.91,A(Min),26.41,V(Max),2.83,A(Max)
2016-10-22 15:00:00,49.288,w/h(Hour),3623.578,w/h(Total),25.94,V(Min),0.00,A(Min),26.90,V(Max),15.83,A(Max)
2016-10-22 16:00:00,22.640,w/h(Hour),3646.218,w/h(Total),25.91,V(Min),0.00,A(Min),26.97,V(Max),16.86,A(Max)
2016-10-22 17:00:00,21.087,w/h(Hour),3667.305,w/h(Total),25.90,V(Min),0.00,A(Min),26.99,V(Max),17.23,A(Max)
2016-10-22 18:00:00,21.104,w/h(Hour),3688.409,w/h(Total),25.91,V(Min),0.00,A(Min),27.03,V(Max),17.55,A(Max)
2016-10-22 19:00:00,19.564,w/h(Hour),3707.973,w/h(Total),25.91,V(Min),0.00,A(Min),26.95,V(Max),16.24,A(Max)
2016-10-22 20:00:00,17.926,w/h(Hour),3725.899,w/h(Total),25.90,V(Min),0.00,A(Min),26.91,V(Max),14.15,A(Max)
2016-10-22 21:00:00,24.348,w/h(Hour),3750.247,w/h(Total),25.91,V(Min),0.00,A(Min),27.07,V(Max),13.32,A(Max)
2016-10-22 22:00:00,27.195,w/h(Hour),3777.442,w/h(Total),26.05,V(Min),0.49,A(Min),26.53,V(Max),1.77,A(Max)
2016-10-22 23:00:00,4.598,w/h(Hour),3782.040,w/h(Total),25.56,V(Min),0.00,A(Min),26.05,V(Max),0.50,A(Max)
2016-10-23 00:00:00,0.000,w/h(Hour),3782.040,w/h(Total),25.45,V(Min),0.00,A(Min),25.56,V(Max),0.00,A(Max)
2016-10-23 01:00:00,0.000,w/h(Hour),3782.040,w/h(Total),25.38,V(Min),0.00,A(Min),25.45,V(Max),0.00,A(Max)
2016-10-23 02:00:00,0.000,w/h(Hour),3782.040,w/h(Total),25.34,V(Min),0.00,A(Min),25.38,V(Max),0.10,A(Max)
2016-10-23 03:00:00,0.000,w/h(Hour),3782.040,w/h(Total),25.30,V(Min),0.00,A(Min),25.34,V(Max),0.00,A(Max)
2016-10-23 04:00:00,0.000,w/h(Hour),3782.040,w/h(Total),25.26,V(Min),0.00,A(Min),25.30,V(Max),0.00,A(Max)
2016-10-23 05:00:00,0.000,w/h(Hour),3782.040,w/h(Total),25.23,V(Min),0.00,A(Min),25.26,V(Max),0.00,A(Max)
2016-10-23 06:00:00,0.000,w/h(Hour),3782.040,w/h(Total),25.20,V(Min),0.00,A(Min),25.23,V(Max),0.00,A(Max)
2016-10-23 07:00:00,0.000,w/h(Hour),3782.040,w/h(Total),25.16,V(Min),0.00,A(Min),25.20,V(Max),0.00,A(Max)
2016-10-23 08:00:00,0.000,w/h(Hour),3782.040,w/h(Total),25.13,V(Min),0.00,A(Min),25.16,V(Max),0.00,A(Max)
2016-10-23 09:00:00,0.000,w/h(Hour),3782.040,w/h(Total),25.10,V(Min),0.00,A(Min),25.13,V(Max),0.00,A(Max)
2016-10-23 10:00:00,0.000,w/h(Hour),3782.040,w/h(Total),25.08,V(Min),0.00,A(Min),25.10,V(Max),0.00,A(Max)
2016-10-23 11:00:00,0.000,w/h(Hour),3782.040,w/h(Total),25.05,V(Min),0.00,A(Min),25.08,V(Max),0.00,A(Max)
2016-10-23 12:00:00,0.000,w/h(Hour),3782.040,w/h(Total),25.04,V(Min),0.00,A(Min),25.05,V(Max),0.00,A(Max)
2016-10-23 13:00:00,41.578,w/h(Hour),3823.618,w/h(Total),25.04,V(Min),0.00,A(Min),27.10,V(Max),4.24,A(Max)
2016-10-23 14:00:00,27.359,w/h(Hour),3850.976,w/h(Total),25.91,V(Min),0.00,A(Min),27.04,V(Max),8.67,A(Max)
2016-10-23 15:00:00,22.730,w/h(Hour),3873.706,w/h(Total),25.90,V(Min),0.00,A(Min),26.97,V(Max),11.71,A(Max)
2016-10-23 16:00:00,20.432,w/h(Hour),3894.138,w/h(Total),25.90,V(Min),0.00,A(Min),26.94,V(Max),13.26,A(Max)
2016-10-23 17:00:00,19.204,w/h(Hour),3913.342,w/h(Total),25.90,V(Min),0.00,A(Min),26.89,V(Max),14.09,A(Max)
2016-10-23 18:00:00,18.380,w/h(Hour),3931.722,w/h(Total),25.90,V(Min),0.00,A(Min),26.94,V(Max),13.90,A(Max)
2016-10-23 19:00:00,17.900,w/h(Hour),3949.622,w/h(Total),25.90,V(Min),0.00,A(Min),26.95,V(Max),13.60,A(Max)
2016-10-23 20:00:00,17.632,w/h(Hour),3967.254,w/h(Total),25.90,V(Min),0.00,A(Min),26.95,V(Max),12.80,A(Max)
2016-10-23 21:00:00,29.537,w/h(Hour),3996.791,w/h(Total),25.90,V(Min),0.00,A(Min),26.92,V(Max),10.68,A(Max)
2016-10-23 22:00:00,21.135,w/h(Hour),4017.926,w/h(Total),25.96,V(Min),0.27,A(Min),26.71,V(Max),1.75,A(Max)
2016-10-23 23:00:00,3.733,w/h(Hour),4021.659,w/h(Total),25.53,V(Min),0.00,A(Min),25.96,V(Max),0.42,A(Max)
2016-10-24 00:00:00,0.000,w/h(Hour),4021.659,w/h(Total),25.42,V(Min),0.00,A(Min),25.53,V(Max),0.00,A(Max)
2016-10-24 01:00:00,0.000,w/h(Hour),4021.659,w/h(Total),25.35,V(Min),0.00,A(Min),25.42,V(Max),0.00,A(Max)
2016-10-24 02:00:00,0.041,w/h(Hour),4021.700,w/h(Total),25.12,V(Min),0.00,A(Min),25.35,V(Max),2.57,A(Max)
2016-10-24 04:00:00,0.000,w/h(Hour),4025.392,w/h(Total),25.14,V(Min),0.00,A(Min),25.18,V(Max),0.00,A(Max)
2016-10-24 05:00:00,0.000,w/h(Hour),4025.392,w/h(Total),25.10,V(Min),0.00,A(Min),25.14,V(Max),0.00,A(Max)
2016-10-24 06:00:00,0.000,w/h(Hour),4025.392,w/h(Total),25.07,V(Min),0.00,A(Min),25.10,V(Max),0.00,A(Max)
2016-10-24 07:00:00,0.000,w/h(Hour),4025.392,w/h(Total),25.05,V(Min),0.00,A(Min),25.07,V(Max),0.00,A(Max)
2016-10-24 08:00:00,0.000,w/h(Hour),4025.392,w/h(Total),25.03,V(Min),0.00,A(Min),25.05,V(Max),0.00,A(Max)
2016-10-24 09:00:00,0.000,w/h(Hour),4025.392,w/h(Total),25.01,V(Min),0.00,A(Min),25.03,V(Max),0.00,A(Max)
2016-10-24 10:00:00,0.000,w/h(Hour),4025.392,w/h(Total),25.00,V(Min),0.00,A(Min),25.02,V(Max),0.00,A(Max)
2016-10-24 11:00:00,0.000,w/h(Hour),4025.392,w/h(Total),24.99,V(Min),0.00,A(Min),25.00,V(Max),0.00,A(Max)
2016-10-24 12:00:00,0.000,w/h(Hour),4025.392,w/h(Total),24.98,V(Min),0.00,A(Min),24.99,V(Max),0.00,A(Max)
2016-10-24 13:00:00,4.252,w/h(Hour),4029.644,w/h(Total),24.98,V(Min),0.00,A(Min),25.16,V(Max),0.48,A(Max)
2016-10-24 14:00:00,41.949,w/h(Hour),4071.592,w/h(Total),25.16,V(Min),0.00,A(Min),27.07,V(Max),9.92,A(Max)
2016-10-24 15:00:00,41.373,w/h(Hour),4112.965,w/h(Total),25.91,V(Min),0.00,A(Min),26.98,V(Max),13.54,A(Max)
2016-10-24 16:00:00,27.001,w/h(Hour),4139.966,w/h(Total),25.91,V(Min),0.00,A(Min),26.95,V(Max),16.60,A(Max)
2016-10-24 17:00:00,23.079,w/h(Hour),4163.046,w/h(Total),25.90,V(Min),0.00,A(Min),26.87,V(Max),17.18,A(Max)
2016-10-24 18:00:00,21.055,w/h(Hour),4184.100,w/h(Total),25.89,V(Min),0.00,A(Min),26.92,V(Max),16.68,A(Max)
2016-10-24 19:00:00,19.386,w/h(Hour),4203.487,w/h(Total),25.89,V(Min),0.00,A(Min),26.94,V(Max),15.06,A(Max)
2016-10-24 20:00:00,18.977,w/h(Hour),4222.464,w/h(Total),25.89,V(Min),0.00,A(Min),26.84,V(Max),13.70,A(Max)
2016-10-24 21:00:00,23.010,w/h(Hour),4245.474,w/h(Total),25.90,V(Min),0.00,A(Min),26.82,V(Max),11.69,A(Max)
2016-10-24 22:00:00,15.172,w/h(Hour),4260.646,w/h(Total),25.80,V(Min),0.33,A(Min),26.26,V(Max),1.19,A(Max)
2016-10-24 23:00:00,3.108,w/h(Hour),4263.754,w/h(Total),25.46,V(Min),0.00,A(Min),25.79,V(Max),0.33,A(Max)
2016-10-25 00:00:00,0.000,w/h(Hour),4263.754,w/h(Total),25.36,V(Min),0.00,A(Min),25.46,V(Max),0.00,A(Max)
2016-10-25 01:00:00,0.000,w/h(Hour),4263.754,w/h(Total),25.30,V(Min),0.00,A(Min),25.36,V(Max),0.00,A(Max)
2016-10-25 02:00:00,0.000,w/h(Hour),4263.754,w/h(Total),25.25,V(Min),0.00,A(Min),25.30,V(Max),0.00,A(Max)
2016-10-25 03:00:00,0.000,w/h(Hour),4263.754,w/h(Total),25.21,V(Min),0.00,A(Min),25.25,V(Max),0.00,A(Max)
2016-10-25 04:00:00,0.000,w/h(Hour),4263.754,w/h(Total),25.17,V(Min),0.00,A(Min),25.21,V(Max),0.00,A(Max)
2016-10-25 05:00:00,0.000,w/h(Hour),4263.754,w/h(Total),25.13,V(Min),0.00,A(Min),25.17,V(Max),0.00,A(Max)
2016-10-25 06:00:00,0.000,w/h(Hour),4263.754,w/h(Total),25.09,V(Min),0.00,A(Min),25.13,V(Max),0.00,A(Max)
2016-10-25 07:00:00,0.000,w/h(Hour),4263.754,w/h(Total),25.05,V(Min),0.00,A(Min),25.09,V(Max),0.00,A(Max)
2016-10-25 08:00:00,0.000,w/h(Hour),4263.754,w/h(Total),25.02,V(Min),0.00,A(Min),25.05,V(Max),0.00,A(Max)
2016-10-25 09:00:00,0.000,w/h(Hour),4263.754,w/h(Total),24.99,V(Min),0.00,A(Min),25.02,V(Max),0.00,A(Max)
2016-10-25 10:00:00,0.000,w/h(Hour),4263.754,w/h(Total),24.97,V(Min),0.00,A(Min),24.99,V(Max),0.00,A(Max)
2016-10-25 11:00:00,0.000,w/h(Hour),4263.754,w/h(Total),24.96,V(Min),0.00,A(Min),24.97,V(Max),0.00,A(Max)
2016-10-25 12:00:00,0.000,w/h(Hour),4263.754,w/h(Total),24.95,V(Min),0.00,A(Min),24.96,V(Max),0.00,A(Max)
2016-10-25 13:00:00,45.414,w/h(Hour),4309.168,w/h(Total),24.96,V(Min),0.00,A(Min),27.06,V(Max),4.78,A(Max)
2016-10-25 14:00:00,47.070,w/h(Hour),4356.238,w/h(Total),25.90,V(Min),0.00,A(Min),27.03,V(Max),9.56,A(Max)
2016-10-25 15:00:00,37.352,w/h(Hour),4393.591,w/h(Total),25.89,V(Min),0.00,A(Min),27.05,V(Max),11.43,A(Max)
2016-10-25 16:00:00,23.978,w/h(Hour),4417.568,w/h(Total),25.86,V(Min),0.00,A(Min),26.87,V(Max),13.64,A(Max)
2016-10-25 17:00:00,24.384,w/h(Hour),4441.952,w/h(Total),25.88,V(Min),0.00,A(Min),26.96,V(Max),8.83,A(Max)
2016-10-25 18:00:00,21.289,w/h(Hour),4463.241,w/h(Total),25.87,V(Min),0.00,A(Min),26.93,V(Max),9.99,A(Max)
2016-10-25 19:00:00,21.085,w/h(Hour),4484.325,w/h(Total),25.88,V(Min),0.00,A(Min),26.89,V(Max),11.39,A(Max)
2016-10-25 20:00:00,20.219,w/h(Hour),4504.544,w/h(Total),25.88,V(Min),0.00,A(Min),26.95,V(Max),10.95,A(Max)
2016-10-25 21:00:00,31.640,w/h(Hour),4536.185,w/h(Total),25.89,V(Min),0.00,A(Min),26.96,V(Max),4.95,A(Max)
2016-10-25 22:00:00,30.052,w/h(Hour),4566.237,w/h(Total),26.15,V(Min),0.60,A(Min),26.56,V(Max),1.47,A(Max)
2016-10-25 23:00:00,4.117,w/h(Hour),4570.354,w/h(Total),25.55,V(Min),0.00,A(Min),26.15,V(Max),0.60,A(Max)
2016-10-26 00:00:00,0.000,w/h(Hour),4570.354,w/h(Total),25.43,V(Min),0.00,A(Min),25.54,V(Max),0.00,A(Max)
2016-10-26 01:00:00,0.000,w/h(Hour),4570.354,w/h(Total),25.36,V(Min),0.00,A(Min),25.43,V(Max),0.00,A(Max)
2016-10-26 02:00:00,0.000,w/h(Hour),4570.354,w/h(Total),25.31,V(Min),0.00,A(Min),25.36,V(Max),0.00,A(Max)
2016-10-26 03:00:00,0.000,w/h(Hour),4570.354,w/h(Total),25.27,V(Min),0.00,A(Min),25.31,V(Max),0.00,A(Max)
2016-10-26 04:00:00,0.000,w/h(Hour),4570.354,w/h(Total),25.23,V(Min),0.00,A(Min),25.27,V(Max),0.00,A(Max)
2016-10-26 05:00:00,0.000,w/h(Hour),4570.354,w/h(Total),25.20,V(Min),0.00,A(Min),25.23,V(Max),0.00,A(Max)
2016-10-26 06:00:00,0.000,w/h(Hour),4570.354,w/h(Total),25.16,V(Min),0.00,A(Min),25.20,V(Max),0.00,A(Max)
2016-10-26 07:00:00,0.000,w/h(Hour),4570.354,w/h(Total),25.13,V(Min),0.00,A(Min),25.16,V(Max),0.00,A(Max)
2016-10-26 08:00:00,0.000,w/h(Hour),4570.354,w/h(Total),25.09,V(Min),0.00,A(Min),25.13,V(Max),0.00,A(Max)
2016-10-26 09:00:00,0.000,w/h(Hour),4570.354,w/h(Total),25.06,V(Min),0.00,A(Min),25.09,V(Max),0.00,A(Max)
2016-10-26 10:00:00,0.000,w/h(Hour),4570.354,w/h(Total),25.03,V(Min),0.00,A(Min),25.06,V(Max),0.00,A(Max)
2016-10-26 11:00:00,0.000,w/h(Hour),4570.354,w/h(Total),25.00,V(Min),0.00,A(Min),25.03,V(Max),0.00,A(Max)
2016-10-26 12:00:00,0.000,w/h(Hour),4570.354,w/h(Total),24.98,V(Min),0.00,A(Min),25.00,V(Max),0.00,A(Max)
2016-10-26 13:00:00,0.061,w/h(Hour),4570.415,w/h(Total),24.97,V(Min),0.00,A(Min),24.98,V(Max),0.02,A(Max)
2016-10-26 14:00:00,3.721,w/h(Hour),4574.136,w/h(Total),24.97,V(Min),0.01,A(Min),25.05,V(Max),0.27,A(Max)
2016-10-26 15:00:00,4.033,w/h(Hour),4578.168,w/h(Total),24.98,V(Min),0.07,A(Min),25.05,V(Max),0.33,A(Max)
2016-10-26 16:00:00,8.002,w/h(Hour),4586.171,w/h(Total),25.01,V(Min),0.18,A(Min),25.13,V(Max),0.48,A(Max)
2016-10-26 17:00:00,26.127,w/h(Hour),4612.298,w/h(Total),25.10,V(Min),0.41,A(Min),25.94,V(Max),1.77,A(Max)
2016-10-26 18:00:00,30.468,w/h(Hour),4642.766,w/h(Total),25.88,V(Min),0.87,A(Min),26.03,V(Max),1.96,A(Max)
2016-10-26 19:00:00,25.283,w/h(Hour),4668.049,w/h(Total),25.82,V(Min),0.53,A(Min),26.15,V(Max),1.50,A(Max)
2016-10-26 20:00:00,28.868,w/h(Hour),4696.917,w/h(Total),25.92,V(Min),0.60,A(Min),26.32,V(Max),1.98,A(Max)
2016-10-26 21:00:00,10.556,w/h(Hour),4707.473,w/h(Total),25.57,V(Min),0.14,A(Min),25.92,V(Max),0.73,A(Max)
2016-10-26 22:00:00,3.019,w/h(Hour),4710.492,w/h(Total),25.38,V(Min),0.02,A(Min),25.57,V(Max),0.22,A(Max)
2016-10-26 23:00:00,0.024,w/h(Hour),4710.516,w/h(Total),25.10,V(Min),0.00,A(Min),25.38,V(Max),0.03,A(Max)
2016-10-27 00:00:00,0.000,w/h(Hour),4710.516,w/h(Total),25.03,V(Min),0.00,A(Min),25.16,V(Max),0.00,A(Max)
2016-10-27 01:00:00,0.000,w/h(Hour),4710.516,w/h(Total),24.98,V(Min),0.00,A(Min),25.05,V(Max),0.00,A(Max)
2016-10-27 02:00:00,0.000,w/h(Hour),4710.516,w/h(Total),24.95,V(Min),0.00,A(Min),24.98,V(Max),0.00,A(Max)
2016-10-27 03:00:00,0.000,w/h(Hour),4710.516,w/h(Total),24.86,V(Min),0.00,A(Min),24.96,V(Max),0.00,A(Max)
2016-10-27 04:00:00,0.000,w/h(Hour),4710.516,w/h(Total),24.95,V(Min),0.00,A(Min),24.96,V(Max),0.00,A(Max)
2016-10-27 05:00:00,0.000,w/h(Hour),4710.516,w/h(Total),24.94,V(Min),0.00,A(Min),24.95,V(Max),0.08,A(Max)
2016-10-27 06:00:00,0.000,w/h(Hour),4710.516,w/h(Total),24.94,V(Min),0.00,A(Min),24.94,V(Max),0.00,A(Max)
2016-10-27 07:00:00,0.000,w/h(Hour),4710.516,w/h(Total),24.93,V(Min),0.00,A(Min),24.94,V(Max),0.00,A(Max)
2016-10-27 08:00:00,0.000,w/h(Hour),4710.516,w/h(Total),24.93,V(Min),0.00,A(Min),24.93,V(Max),0.00,A(Max)
2016-10-27 09:00:00,0.000,w/h(Hour),4710.516,w/h(Total),24.92,V(Min),0.00,A(Min),24.93,V(Max),0.00,A(Max)
2016-10-27 10:00:00,0.000,w/h(Hour),4710.516,w/h(Total),24.91,V(Min),0.00,A(Min),24.92,V(Max),0.00,A(Max)
2016-10-27 11:00:00,0.000,w/h(Hour),4710.516,w/h(Total),24.91,V(Min),0.00,A(Min),24.92,V(Max),0.00,A(Max)
2016-10-27 12:00:00,0.000,w/h(Hour),4710.516,w/h(Total),24.91,V(Min),0.00,A(Min),24.91,V(Max),0.00,A(Max)
2016-10-27 13:00:00,0.996,w/h(Hour),4711.512,w/h(Total),24.90,V(Min),0.00,A(Min),24.95,V(Max),0.17,A(Max)
2016-10-27 14:00:00,8.650,w/h(Hour),4720.162,w/h(Total),24.92,V(Min),0.13,A(Min),25.05,V(Max),0.66,A(Max)
2016-10-27 15:00:00,24.207,w/h(Hour),4744.369,w/h(Total),24.71,V(Min),0.55,A(Min),25.06,V(Max),16.27,A(Max)
2016-10-27 17:00:00,67.952,w/h(Hour),4860.953,w/h(Total),25.47,V(Min),1.13,A(Min),26.68,V(Max),5.07,A(Max)
2016-10-27 18:00:00,62.247,w/h(Hour),4923.199,w/h(Total),25.93,V(Min),0.00,A(Min),27.07,V(Max),17.61,A(Max)
2016-10-27 19:00:00,36.275,w/h(Hour),4959.475,w/h(Total),25.92,V(Min),0.00,A(Min),27.00,V(Max),16.87,A(Max)
2016-10-27 20:00:00,46.056,w/h(Hour),5005.531,w/h(Total),25.93,V(Min),0.00,A(Min),27.06,V(Max),16.45,A(Max)
2016-10-27 21:00:00,28.838,w/h(Hour),5034.369,w/h(Total),25.84,V(Min),0.39,A(Min),26.37,V(Max),1.90,A(Max)
2016-10-27 22:00:00,8.326,w/h(Hour),5042.696,w/h(Total),25.54,V(Min),0.16,A(Min),25.84,V(Max),0.62,A(Max)
2016-10-27 23:00:00,0.600,w/h(Hour),5043.296,w/h(Total),25.26,V(Min),0.00,A(Min),25.54,V(Max),0.17,A(Max)
2016-10-28 00:00:00,0.000,w/h(Hour),5043.296,w/h(Total),24.95,V(Min),0.00,A(Min),25.31,V(Max),0.00,A(Max)
2016-10-28 02:00:00,0.000,w/h(Hour),5047.460,w/h(Total),24.93,V(Min),0.00,A(Min),25.11,V(Max),0.13,A(Max)
2016-10-28 03:00:00,0.000,w/h(Hour),5047.460,w/h(Total),25.01,V(Min),0.00,A(Min),25.06,V(Max),0.00,A(Max)
2016-10-28 04:00:00,0.000,w/h(Hour),5047.460,w/h(Total),24.97,V(Min),0.00,A(Min),25.01,V(Max),0.00,A(Max)
2016-10-28 05:00:00,0.000,w/h(Hour),5047.460,w/h(Total),24.96,V(Min),0.00,A(Min),24.97,V(Max),0.00,A(Max)
2016-10-28 06:00:00,0.000,w/h(Hour),5047.460,w/h(Total),24.93,V(Min),0.00,A(Min),24.96,V(Max),0.09,A(Max)
2016-10-28 07:00:00,0.000,w/h(Hour),5047.460,w/h(Total),24.92,V(Min),0.00,A(Min),24.93,V(Max),0.00,A(Max)
2016-10-28 08:00:00,0.000,w/h(Hour),5047.460,w/h(Total),24.90,V(Min),0.00,A(Min),24.92,V(Max),0.00,A(Max)
2016-10-28 09:00:00,0.000,w/h(Hour),5047.460,w/h(Total),24.89,V(Min),0.00,A(Min),24.91,V(Max),0.00,A(Max)
2016-10-28 10:00:00,0.000,w/h(Hour),5047.460,w/h(Total),24.89,V(Min),0.00,A(Min),24.90,V(Max),0.00,A(Max)
2016-10-28 11:00:00,0.000,w/h(Hour),5047.460,w/h(Total),24.88,V(Min),0.00,A(Min),24.89,V(Max),0.00,A(Max)
2016-10-28 12:00:00,0.000,w/h(Hour),5047.460,w/h(Total),24.88,V(Min),0.00,A(Min),24.88,V(Max),0.00,A(Max)
2016-10-28 13:00:00,28.196,w/h(Hour),5075.656,w/h(Total),24.88,V(Min),0.00,A(Min),26.27,V(Max),4.14,A(Max)
2016-10-28 14:00:00,83.815,w/h(Hour),5159.470,w/h(Total),25.90,V(Min),0.00,A(Min),27.05,V(Max),7.85,A(Max)
2016-10-28 15:00:00,31.872,w/h(Hour),5191.342,w/h(Total),25.86,V(Min),0.00,A(Min),26.92,V(Max),12.03,A(Max)
2016-10-28 16:00:00,26.539,w/h(Hour),5217.882,w/h(Total),25.86,V(Min),0.00,A(Min),26.93,V(Max),12.71,A(Max)
2016-10-28 17:00:00,23.133,w/h(Hour),5241.015,w/h(Total),25.85,V(Min),0.00,A(Min),26.94,V(Max),15.20,A(Max)
2016-10-28 18:00:00,24.578,w/h(Hour),5265.593,w/h(Total),25.87,V(Min),0.00,A(Min),26.93,V(Max),14.40,A(Max)
2016-10-28 19:00:00,23.367,w/h(Hour),5288.960,w/h(Total),25.88,V(Min),0.00,A(Min),26.93,V(Max),11.15,A(Max)
2016-10-28 20:00:00,22.359,w/h(Hour),5311.318,w/h(Total),25.88,V(Min),0.00,A(Min),26.91,V(Max),9.33,A(Max)
2016-10-28 21:00:00,46.021,w/h(Hour),5357.339,w/h(Total),25.89,V(Min),0.00,A(Min),26.95,V(Max),6.03,A(Max)
2016-10-28 22:00:00,25.370,w/h(Hour),5382.709,w/h(Total),26.04,V(Min),0.62,A(Min),26.42,V(Max),1.45,A(Max)
2016-10-28 23:00:00,4.363,w/h(Hour),5387.072,w/h(Total),25.52,V(Min),0.00,A(Min),26.04,V(Max),0.64,A(Max)
2016-10-29 00:00:00,0.000,w/h(Hour),5387.072,w/h(Total),25.42,V(Min),0.00,A(Min),25.52,V(Max),0.00,A(Max)
2016-10-29 01:00:00,0.000,w/h(Hour),5387.072,w/h(Total),25.36,V(Min),0.00,A(Min),25.42,V(Max),0.00,A(Max)
2016-10-29 02:00:00,0.000,w/h(Hour),5387.072,w/h(Total),25.31,V(Min),0.00,A(Min),25.36,V(Max),0.00,A(Max)
2016-10-29 03:00:00,0.000,w/h(Hour),5387.072,w/h(Total),25.27,V(Min),0.00,A(Min),25.31,V(Max),0.00,A(Max)
2016-10-29 04:00:00,0.000,w/h(Hour),5387.072,w/h(Total),25.24,V(Min),0.00,A(Min),25.27,V(Max),0.00,A(Max)
2016-10-29 05:00:00,0.000,w/h(Hour),5387.072,w/h(Total),25.20,V(Min),0.00,A(Min),25.24,V(Max),0.00,A(Max)
2016-10-29 06:00:00,0.000,w/h(Hour),5387.072,w/h(Total),25.17,V(Min),0.00,A(Min),25.20,V(Max),0.00,A(Max)
2016-10-29 07:00:00,0.000,w/h(Hour),5387.072,w/h(Total),25.14,V(Min),0.00,A(Min),25.17,V(Max),0.00,A(Max)
2016-10-29 08:00:00,0.000,w/h(Hour),5387.072,w/h(Total),25.12,V(Min),0.00,A(Min),25.14,V(Max),0.00,A(Max)
2016-10-29 09:00:00,0.000,w/h(Hour),5387.072,w/h(Total),25.09,V(Min),0.00,A(Min),25.12,V(Max),0.00,A(Max)
2016-10-29 10:00:00,0.000,w/h(Hour),5387.072,w/h(Total),25.06,V(Min),0.00,A(Min),25.09,V(Max),0.00,A(Max)
2016-10-29 11:00:00,0.000,w/h(Hour),5387.072,w/h(Total),25.03,V(Min),0.00,A(Min),25.06,V(Max),0.00,A(Max)
2016-10-29 12:00:00,0.000,w/h(Hour),5387.072,w/h(Total),25.01,V(Min),0.00,A(Min),25.03,V(Max),0.00,A(Max)
2016-10-29 13:00:00,7.985,w/h(Hour),5395.058,w/h(Total),25.00,V(Min),0.00,A(Min),25.42,V(Max),1.23,A(Max)
2016-10-29 14:00:00,40.274,w/h(Hour),5435.332,w/h(Total),25.37,V(Min),0.00,A(Min),27.06,V(Max),6.73,A(Max)
2016-10-29 15:00:00,44.287,w/h(Hour),5479.618,w/h(Total),25.91,V(Min),0.00,A(Min),26.95,V(Max),7.73,A(Max)
2016-10-29 16:00:00,27.347,w/h(Hour),5506.965,w/h(Total),25.90,V(Min),0.52,A(Min),26.36,V(Max),1.88,A(Max)
2016-10-29 17:00:00,35.649,w/h(Hour),5542.614,w/h(Total),25.94,V(Min),0.00,A(Min),27.04,V(Max),2.67,A(Max)
2016-10-29 18:00:00,34.955,w/h(Hour),5577.569,w/h(Total),25.90,V(Min),0.00,A(Min),27.08,V(Max),7.95,A(Max)
2016-10-29 19:00:00,40.578,w/h(Hour),5618.148,w/h(Total),25.97,V(Min),0.00,A(Min),27.09,V(Max),2.90,A(Max)
2016-10-29 20:00:00,27.282,w/h(Hour),5645.430,w/h(Total),26.02,V(Min),0.50,A(Min),26.66,V(Max),1.65,A(Max)
2016-10-29 21:00:00,14.823,w/h(Hour),5660.252,w/h(Total),25.83,V(Min),0.31,A(Min),26.21,V(Max),0.96,A(Max)
2016-10-29 22:00:00,5.658,w/h(Hour),5665.910,w/h(Total),25.57,V(Min),0.03,A(Min),25.86,V(Max),0.48,A(Max)
2016-10-29 23:00:00,0.076,w/h(Hour),5665.986,w/h(Total),25.45,V(Min),0.00,A(Min),25.57,V(Max),0.04,A(Max)
2016-10-30 00:00:00,0.000,w/h(Hour),5665.986,w/h(Total),25.39,V(Min),0.00,A(Min),25.45,V(Max),0.00,A(Max)
2016-10-30 01:00:00,0.000,w/h(Hour),5665.986,w/h(Total),25.35,V(Min),0.00,A(Min),25.39,V(Max),0.00,A(Max)
2016-10-30 02:00:00,0.000,w/h(Hour),5665.986,w/h(Total),25.31,V(Min),0.00,A(Min),25.35,V(Max),0.00,A(Max)
2016-10-30 03:00:00,0.000,w/h(Hour),5665.986,w/h(Total),25.27,V(Min),0.00,A(Min),25.31,V(Max),0.00,A(Max)
2016-10-30 04:00:00,0.000,w/h(Hour),5665.986,w/h(Total),25.24,V(Min),0.00,A(Min),25.27,V(Max),0.00,A(Max)
2016-10-30 05:00:00,0.000,w/h(Hour),5665.986,w/h(Total),25.21,V(Min),0.00,A(Min),25.24,V(Max),0.02,A(Max)
2016-10-30 06:00:00,0.000,w/h(Hour),5665.986,w/h(Total),25.18,V(Min),0.00,A(Min),25.21,V(Max),0.00,A(Max)
2016-10-30 07:00:00,0.000,w/h(Hour),5665.986,w/h(Total),25.15,V(Min),0.00,A(Min),25.18,V(Max),0.00,A(Max)
2016-10-30 08:00:00,0.000,w/h(Hour),5665.986,w/h(Total),25.12,V(Min),0.00,A(Min),25.15,V(Max),0.00,A(Max)
2016-10-30 09:00:00,0.000,w/h(Hour),5665.986,w/h(Total),25.09,V(Min),0.00,A(Min),25.12,V(Max),0.00,A(Max)
2016-10-30 10:00:00,0.000,w/h(Hour),5665.986,w/h(Total),25.06,V(Min),0.00,A(Min),25.09,V(Max),0.00,A(Max)
2016-10-30 11:00:00,0.000,w/h(Hour),5665.986,w/h(Total),25.03,V(Min),0.00,A(Min),25.06,V(Max),0.00,A(Max)
2016-10-30 12:00:00,0.000,w/h(Hour),5665.986,w/h(Total),25.01,V(Min),0.00,A(Min),25.03,V(Max),0.00,A(Max)
2016-10-30 13:00:00,0.129,w/h(Hour),5666.114,w/h(Total),24.99,V(Min),0.00,A(Min),25.01,V(Max),0.07,A(Max)
2016-10-30 14:00:00,5.558,w/h(Hour),5671.673,w/h(Total),25.00,V(Min),0.00,A(Min),25.20,V(Max),0.56,A(Max)
2016-10-30 15:00:00,27.942,w/h(Hour),5699.615,w/h(Total),25.20,V(Min),0.48,A(Min),26.24,V(Max),3.54,A(Max)
2016-10-30 16:00:00,52.874,w/h(Hour),5752.489,w/h(Total),25.92,V(Min),0.00,A(Min),27.08,V(Max),16.59,A(Max)
2016-10-30 17:00:00,24.857,w/h(Hour),5777.346,w/h(Total),25.89,V(Min),0.00,A(Min),27.00,V(Max),16.85,A(Max)
2016-10-30 18:00:00,40.624,w/h(Hour),5817.970,w/h(Total),25.89,V(Min),0.00,A(Min),27.08,V(Max),17.94,A(Max)
2016-10-30 19:00:00,45.797,w/h(Hour),5863.767,w/h(Total),25.99,V(Min),0.00,A(Min),27.06,V(Max),2.74,A(Max)
2016-10-30 20:00:00,32.060,w/h(Hour),5895.827,w/h(Total),26.31,V(Min),1.08,A(Min),26.51,V(Max),1.49,A(Max)
2016-10-30 21:00:00,27.767,w/h(Hour),5923.594,w/h(Total),26.20,V(Min),0.81,A(Min),26.76,V(Max),1.66,A(Max)
2016-10-30 22:00:00,22.330,w/h(Hour),5945.924,w/h(Total),25.93,V(Min),0.29,A(Min),26.54,V(Max),1.25,A(Max)
2016-10-30 23:00:00,1.378,w/h(Hour),5947.302,w/h(Total),25.53,V(Min),0.00,A(Min),25.93,V(Max),0.34,A(Max)
2016-10-31 00:00:00,0.000,w/h(Hour),5947.302,w/h(Total),25.44,V(Min),0.00,A(Min),25.53,V(Max),0.00,A(Max)
2016-10-31 01:00:00,0.000,w/h(Hour),5947.302,w/h(Total),25.38,V(Min),0.00,A(Min),25.44,V(Max),0.00,A(Max)
2016-10-31 02:00:00,0.000,w/h(Hour),5947.302,w/h(Total),25.34,V(Min),0.00,A(Min),25.38,V(Max),0.00,A(Max)
2016-10-31 03:00:00,0.000,w/h(Hour),5947.302,w/h(Total),25.30,V(Min),0.00,A(Min),25.34,V(Max),0.00,A(Max)
2016-10-31 04:00:00,0.000,w/h(Hour),5947.302,w/h(Total),25.27,V(Min),0.00,A(Min),25.30,V(Max),0.00,A(Max)
2016-10-31 05:00:00,0.000,w/h(Hour),5947.302,w/h(Total),25.24,V(Min),0.00,A(Min),25.27,V(Max),0.00,A(Max)
2016-10-31 06:00:00,0.000,w/h(Hour),5947.302,w/h(Total),25.20,V(Min),0.00,A(Min),25.24,V(Max),0.00,A(Max)
2016-10-31 07:00:00,0.000,w/h(Hour),5947.302,w/h(Total),25.17,V(Min),0.00,A(Min),25.20,V(Max),0.00,A(Max)
2016-10-31 08:00:00,0.000,w/h(Hour),5947.302,w/h(Total),25.14,V(Min),0.00,A(Min),25.17,V(Max),0.00,A(Max)
2016-10-31 09:00:00,0.000,w/h(Hour),5947.302,w/h(Total),25.11,V(Min),0.00,A(Min),25.14,V(Max),0.00,A(Max)
2016-10-31 10:00:00,0.000,w/h(Hour),5947.302,w/h(Total),25.08,V(Min),0.00,A(Min),25.11,V(Max),0.00,A(Max)
2016-10-31 11:00:00,0.000,w/h(Hour),5947.302,w/h(Total),25.05,V(Min),0.00,A(Min),25.08,V(Max),0.00,A(Max)
2016-10-31 12:00:00,0.000,w/h(Hour),5947.302,w/h(Total),25.02,V(Min),0.00,A(Min),25.05,V(Max),0.00,A(Max)
2016-10-31 13:00:00,6.809,w/h(Hour),5954.111,w/h(Total),25.01,V(Min),0.00,A(Min),25.41,V(Max),1.18,A(Max)
2016-10-31 14:00:00,53.025,w/h(Hour),6007.135,w/h(Total),25.42,V(Min),0.00,A(Min),26.97,V(Max),5.35,A(Max)
2016-10-31 15:00:00,32.986,w/h(Hour),6040.122,w/h(Total),25.86,V(Min),0.00,A(Min),27.06,V(Max),12.80,A(Max)
2016-10-31 16:00:00,18.822,w/h(Hour),6058.944,w/h(Total),25.85,V(Min),0.00,A(Min),26.93,V(Max),14.67,A(Max)
2016-10-31 17:00:00,17.883,w/h(Hour),6076.827,w/h(Total),25.84,V(Min),0.00,A(Min),26.92,V(Max),15.90,A(Max)
2016-10-31 18:00:00,16.758,w/h(Hour),6093.585,w/h(Total),25.84,V(Min),0.00,A(Min),26.85,V(Max),15.15,A(Max)
2016-10-31 19:00:00,17.136,w/h(Hour),6110.721,w/h(Total),25.84,V(Min),0.00,A(Min),26.87,V(Max),14.14,A(Max)
2016-10-31 20:00:00,17.103,w/h(Hour),6127.824,w/h(Total),25.86,V(Min),0.00,A(Min),26.93,V(Max),10.37,A(Max)
2016-10-31 21:00:00,19.355,w/h(Hour),6147.179,w/h(Total),25.86,V(Min),0.00,A(Min),26.96,V(Max),6.54,A(Max)
2016-10-31 22:00:00,30.218,w/h(Hour),6177.397,w/h(Total),25.92,V(Min),0.00,A(Min),26.97,V(Max),2.07,A(Max)
2016-10-31 23:00:00,2.132,w/h(Hour),6179.529,w/h(Total),25.49,V(Min),0.00,A(Min),25.95,V(Max),0.36,A(Max)
2016-11-01 00:00:00,0.000,w/h(Hour),6179.529,w/h(Total),25.39,V(Min),0.00,A(Min),25.49,V(Max),0.00,A(Max)
2016-11-01 01:00:00,0.434,w/h(Hour),6179.963,w/h(Total),25.14,V(Min),0.00,A(Min),25.38,V(Max),19.37,A(Max)
2016-11-01 02:00:00,0.000,w/h(Hour),6179.963,w/h(Total),25.09,V(Min),0.00,A(Min),25.26,V(Max),0.01,A(Max)
2016-11-01 03:00:00,0.000,w/h(Hour),6179.963,w/h(Total),25.18,V(Min),0.00,A(Min),25.22,V(Max),0.00,A(Max)
2016-11-01 04:00:00,0.000,w/h(Hour),6179.963,w/h(Total),25.13,V(Min),0.00,A(Min),25.18,V(Max),0.00,A(Max)
2016-11-01 05:00:00,0.000,w/h(Hour),6179.963,w/h(Total),25.10,V(Min),0.00,A(Min),25.14,V(Max),0.00,A(Max)
2016-11-01 06:00:00,0.000,w/h(Hour),6179.963,w/h(Total),25.06,V(Min),0.00,A(Min),25.10,V(Max),0.00,A(Max)
2016-11-01 07:00:00,0.000,w/h(Hour),6179.963,w/h(Total),25.02,V(Min),0.00,A(Min),25.06,V(Max),0.00,A(Max)
2016-11-01 08:00:00,0.000,w/h(Hour),6179.963,w/h(Total),25.00,V(Min),0.00,A(Min),25.02,V(Max),0.00,A(Max)
2016-11-01 09:00:00,0.000,w/h(Hour),6179.963,w/h(Total),24.98,V(Min),0.00,A(Min),25.00,V(Max),0.00,A(Max)
2016-11-01 10:00:00,0.000,w/h(Hour),6179.963,w/h(Total),24.96,V(Min),0.00,A(Min),24.98,V(Max),0.00,A(Max)
2016-11-01 11:00:00,0.000,w/h(Hour),6179.963,w/h(Total),24.95,V(Min),0.00,A(Min),24.96,V(Max),0.00,A(Max)
2016-11-01 12:00:00,0.000,w/h(Hour),6179.963,w/h(Total),24.94,V(Min),0.00,A(Min),24.95,V(Max),0.00,A(Max)
2016-11-01 13:00:00,16.261,w/h(Hour),6196.224,w/h(Total),24.94,V(Min),0.00,A(Min),26.23,V(Max),3.82,A(Max)
2016-11-01 14:00:00,58.901,w/h(Hour),6255.125,w/h(Total),25.90,V(Min),0.00,A(Min),27.07,V(Max),6.91,A(Max)
2016-11-01 15:00:00,23.869,w/h(Hour),6278.994,w/h(Total),25.87,V(Min),0.00,A(Min),26.96,V(Max),11.34,A(Max)
2016-11-01 16:00:00,21.283,w/h(Hour),6300.277,w/h(Total),25.87,V(Min),0.00,A(Min),26.94,V(Max),13.47,A(Max)
2016-11-01 17:00:00,19.952,w/h(Hour),6320.229,w/h(Total),25.87,V(Min),0.00,A(Min),26.90,V(Max),15.09,A(Max)
2016-11-01 18:00:00,19.279,w/h(Hour),6339.508,w/h(Total),25.87,V(Min),0.00,A(Min),26.87,V(Max),13.97,A(Max)
2016-11-01 19:00:00,18.758,w/h(Hour),6358.265,w/h(Total),25.88,V(Min),0.00,A(Min),26.92,V(Max),13.75,A(Max)
2016-11-01 20:00:00,18.589,w/h(Hour),6376.855,w/h(Total),25.88,V(Min),0.00,A(Min),26.92,V(Max),11.93,A(Max)
2016-11-01 21:00:00,27.309,w/h(Hour),6404.164,w/h(Total),25.89,V(Min),0.00,A(Min),26.97,V(Max),8.70,A(Max)
2016-11-01 22:00:00,19.094,w/h(Hour),6423.257,w/h(Total),25.85,V(Min),0.33,A(Min),26.40,V(Max),1.20,A(Max)
2016-11-01 23:00:00,2.013,w/h(Hour),6425.270,w/h(Total),25.46,V(Min),0.00,A(Min),25.85,V(Max),0.33,A(Max)
2016-11-02 00:00:00,0.000,w/h(Hour),6425.270,w/h(Total),25.36,V(Min),0.00,A(Min),25.46,V(Max),0.00,A(Max)
2016-11-02 01:00:00,0.000,w/h(Hour),6425.270,w/h(Total),25.29,V(Min),0.00,A(Min),25.36,V(Max),0.00,A(Max)
2016-11-02 02:00:00,0.000,w/h(Hour),6425.270,w/h(Total),25.25,V(Min),0.00,A(Min),25.29,V(Max),0.00,A(Max)
2016-11-02 03:00:00,0.000,w/h(Hour),6425.270,w/h(Total),25.21,V(Min),0.00,A(Min),25.25,V(Max),0.00,A(Max)
2016-11-02 04:00:00,0.000,w/h(Hour),6425.270,w/h(Total),25.17,V(Min),0.00,A(Min),25.21,V(Max),0.00,A(Max)
2016-11-02 05:00:00,0.000,w/h(Hour),6425.270,w/h(Total),25.14,V(Min),0.00,A(Min),25.17,V(Max),0.00,A(Max)
2016-11-02 06:00:00,0.000,w/h(Hour),6425.270,w/h(Total),25.10,V(Min),0.00,A(Min),25.14,V(Max),0.00,A(Max)
2016-11-02 07:00:00,0.000,w/h(Hour),6425.270,w/h(Total),25.06,V(Min),0.00,A(Min),25.10,V(Max),0.00,A(Max)
2016-11-02 08:00:00,0.000,w/h(Hour),6425.270,w/h(Total),25.03,V(Min),0.00,A(Min),25.06,V(Max),0.00,A(Max)
2016-11-02 09:00:00,0.000,w/h(Hour),6425.270,w/h(Total),25.00,V(Min),0.00,A(Min),25.03,V(Max),0.00,A(Max)
2016-11-02 10:00:00,0.000,w/h(Hour),6425.270,w/h(Total),24.97,V(Min),0.00,A(Min),25.00,V(Max),0.00,A(Max)
2016-11-02 11:00:00,0.000,w/h(Hour),6425.270,w/h(Total),24.95,V(Min),0.00,A(Min),24.97,V(Max),0.00,A(Max)
2016-11-02 12:00:00,0.000,w/h(Hour),6425.270,w/h(Total),24.93,V(Min),0.00,A(Min),24.95,V(Max),0.00,A(Max)
2016-11-02 13:00:00,1.928,w/h(Hour),6427.198,w/h(Total),24.93,V(Min),0.00,A(Min),25.03,V(Max),0.31,A(Max)
2016-11-02 14:00:00,24.503,w/h(Hour),6451.701,w/h(Total),25.03,V(Min),0.31,A(Min),25.87,V(Max),1.63,A(Max)
2016-11-02 15:00:00,52.896,w/h(Hour),6504.597,w/h(Total),25.88,V(Min),1.25,A(Min),26.58,V(Max),3.23,A(Max)
2016-11-02 16:00:00,31.939,w/h(Hour),6536.536,w/h(Total),25.93,V(Min),0.00,A(Min),27.01,V(Max),7.33,A(Max)
2016-11-02 17:00:00,22.137,w/h(Hour),6558.672,w/h(Total),25.90,V(Min),0.00,A(Min),26.94,V(Max),11.35,A(Max)
2016-11-02 18:00:00,27.407,w/h(Hour),6586.079,w/h(Total),25.90,V(Min),0.00,A(Min),27.04,V(Max),10.51,A(Max)
2016-11-02 19:00:00,30.661,w/h(Hour),6616.740,w/h(Total),25.93,V(Min),0.00,A(Min),26.99,V(Max),4.98,A(Max)
2016-11-02 20:00:00,36.079,w/h(Hour),6652.819,w/h(Total),26.42,V(Min),1.11,A(Min),26.69,V(Max),1.65,A(Max)
2016-11-02 21:00:00,19.760,w/h(Hour),6672.579,w/h(Total),25.95,V(Min),0.48,A(Min),26.70,V(Max),1.46,A(Max)
2016-11-02 22:00:00,8.993,w/h(Hour),6681.572,w/h(Total),25.64,V(Min),0.12,A(Min),25.97,V(Max),1.14,A(Max)
2016-11-02 23:00:00,0.744,w/h(Hour),6682.317,w/h(Total),25.45,V(Min),0.00,A(Min),25.64,V(Max),0.12,A(Max)
2016-11-03 00:00:00,0.000,w/h(Hour),6682.317,w/h(Total),25.38,V(Min),0.00,A(Min),25.45,V(Max),0.00,A(Max)
2016-11-03 01:00:00,0.000,w/h(Hour),6682.317,w/h(Total),25.33,V(Min),0.00,A(Min),25.38,V(Max),0.00,A(Max)
2016-11-03 02:00:00,0.000,w/h(Hour),6682.317,w/h(Total),25.29,V(Min),0.00,A(Min),25.33,V(Max),0.00,A(Max)
2016-11-03 03:00:00,0.000,w/h(Hour),6682.317,w/h(Total),25.25,V(Min),0.00,A(Min),25.29,V(Max),0.00,A(Max)
2016-11-03 04:00:00,0.000,w/h(Hour),6682.317,w/h(Total),25.21,V(Min),0.00,A(Min),25.25,V(Max),0.00,A(Max)
2016-11-03 05:00:00,0.000,w/h(Hour),6682.317,w/h(Total),25.18,V(Min),0.00,A(Min),25.21,V(Max),0.00,A(Max)
2016-11-03 06:00:00,0.000,w/h(Hour),6682.317,w/h(Total),25.14,V(Min),0.00,A(Min),25.18,V(Max),0.00,A(Max)
2016-11-03 07:00:00,0.000,w/h(Hour),6682.317,w/h(Total),25.11,V(Min),0.00,A(Min),25.14,V(Max),0.00,A(Max)
2016-11-03 08:00:00,0.000,w/h(Hour),6682.317,w/h(Total),25.08,V(Min),0.00,A(Min),25.11,V(Max),0.00,A(Max)
2016-11-03 09:00:00,0.000,w/h(Hour),6682.317,w/h(Total),25.04,V(Min),0.00,A(Min),25.08,V(Max),0.00,A(Max)
2016-11-03 10:00:00,0.000,w/h(Hour),6682.317,w/h(Total),25.01,V(Min),0.00,A(Min),25.04,V(Max),0.00,A(Max)
2016-11-03 11:00:00,0.000,w/h(Hour),6682.317,w/h(Total),24.98,V(Min),0.00,A(Min),25.01,V(Max),0.07,A(Max)
2016-11-03 12:00:00,0.000,w/h(Hour),6682.317,w/h(Total),24.95,V(Min),0.00,A(Min),24.98,V(Max),0.00,A(Max)
2016-11-03 13:00:00,1.137,w/h(Hour),6683.454,w/h(Total),24.95,V(Min),0.00,A(Min),25.01,V(Max),0.20,A(Max)
2016-11-03 14:00:00,16.903,w/h(Hour),6700.357,w/h(Total),25.01,V(Min),0.19,A(Min),25.46,V(Max),1.09,A(Max)
2016-11-03 15:00:00,43.715,w/h(Hour),6744.071,w/h(Total),25.46,V(Min),0.71,A(Min),26.79,V(Max),3.23,A(Max)
2016-11-03 16:00:00,38.378,w/h(Hour),6782.450,w/h(Total),25.92,V(Min),0.00,A(Min),27.07,V(Max),16.53,A(Max)
2016-11-03 17:00:00,28.730,w/h(Hour),6811.180,w/h(Total),25.90,V(Min),0.00,A(Min),27.07,V(Max),18.44,A(Max)
2016-11-03 18:00:00,20.279,w/h(Hour),6831.458,w/h(Total),25.89,V(Min),0.00,A(Min),26.97,V(Max),17.67,A(Max)
2016-11-03 19:00:00,19.035,w/h(Hour),6850.493,w/h(Total),25.89,V(Min),0.00,A(Min),26.94,V(Max),16.89,A(Max)
2016-11-03 20:00:00,33.402,w/h(Hour),6883.895,w/h(Total),25.91,V(Min),0.00,A(Min),27.02,V(Max),4.53,A(Max)
2016-11-03 21:00:00,33.601,w/h(Hour),6917.496,w/h(Total),26.31,V(Min),1.01,A(Min),27.00,V(Max),1.79,A(Max)
2016-11-03 22:00:00,19.842,w/h(Hour),6937.338,w/h(Total),25.91,V(Min),0.24,A(Min),26.55,V(Max),1.22,A(Max)
2016-11-03 23:00:00,1.895,w/h(Hour),6939.233,w/h(Total),25.51,V(Min),0.00,A(Min),25.91,V(Max),0.31,A(Max)
2016-11-04 02:00:00,0.000,w/h(Hour),6952.330,w/h(Total),25.24,V(Min),0.00,A(Min),25.29,V(Max),0.00,A(Max)
2016-11-04 03:00:00,0.000,w/h(Hour),6952.330,w/h(Total),25.21,V(Min),0.00,A(Min),25.24,V(Max),0.00,A(Max)
2016-11-04 04:00:00,0.000,w/h(Hour),6952.330,w/h(Total),25.17,V(Min),0.00,A(Min),25.21,V(Max),0.00,A(Max)
2016-11-04 05:00:00,0.000,w/h(Hour),6952.330,w/h(Total),25.14,V(Min),0.00,A(Min),25.17,V(Max),0.00,A(Max)
2016-11-04 06:00:00,0.000,w/h(Hour),6952.330,w/h(Total),25.10,V(Min),0.00,A(Min),25.14,V(Max),0.00,A(Max)
2016-11-04 07:00:00,0.000,w/h(Hour),6952.330,w/h(Total),25.06,V(Min),0.00,A(Min),25.10,V(Max),0.00,A(Max)
2016-11-04 08:00:00,0.000,w/h(Hour),6952.330,w/h(Total),25.03,V(Min),0.00,A(Min),25.06,V(Max),0.00,A(Max)
2016-11-04 09:00:00,0.000,w/h(Hour),6952.330,w/h(Total),24.99,V(Min),0.00,A(Min),25.03,V(Max),0.00,A(Max)
2016-11-04 10:00:00,0.000,w/h(Hour),6952.330,w/h(Total),24.97,V(Min),0.00,A(Min),24.99,V(Max),0.00,A(Max)
2016-11-04 11:00:00,0.000,w/h(Hour),6952.330,w/h(Total),24.95,V(Min),0.00,A(Min),24.97,V(Max),0.00,A(Max)
2016-11-04 12:00:00,0.000,w/h(Hour),6952.330,w/h(Total),24.93,V(Min),0.00,A(Min),24.95,V(Max),0.00,A(Max)
2016-11-04 13:00:00,23.776,w/h(Hour),6976.106,w/h(Total),24.93,V(Min),0.00,A(Min),26.71,V(Max),4.42,A(Max)
2016-11-04 14:00:00,37.211,w/h(Hour),7013.317,w/h(Total),25.89,V(Min),0.00,A(Min),27.08,V(Max),8.73,A(Max)
2016-11-04 15:00:00,24.502,w/h(Hour),7037.819,w/h(Total),25.86,V(Min),0.00,A(Min),26.94,V(Max),12.42,A(Max)
2016-11-04 16:00:00,26.320,w/h(Hour),7064.139,w/h(Total),25.86,V(Min),0.00,A(Min),26.98,V(Max),15.91,A(Max)
2016-11-04 17:00:00,20.943,w/h(Hour),7085.082,w/h(Total),25.86,V(Min),0.00,A(Min),26.95,V(Max),17.25,A(Max)
2016-11-04 18:00:00,19.761,w/h(Hour),7104.843,w/h(Total),25.87,V(Min),0.00,A(Min),26.93,V(Max),16.86,A(Max)
2016-11-04 19:00:00,18.053,w/h(Hour),7122.897,w/h(Total),25.86,V(Min),0.00,A(Min),26.93,V(Max),14.30,A(Max)
2016-11-04 20:00:00,17.855,w/h(Hour),7140.752,w/h(Total),25.87,V(Min),0.00,A(Min),26.88,V(Max),13.46,A(Max)
2016-11-04 21:00:00,21.547,w/h(Hour),7162.299,w/h(Total),25.88,V(Min),0.00,A(Min),26.98,V(Max),8.94,A(Max)
2016-11-04 22:00:00,10.483,w/h(Hour),7172.781,w/h(Total),25.66,V(Min),0.23,A(Min),25.97,V(Max),0.61,A(Max)
2016-11-04 23:00:00,1.451,w/h(Hour),7174.233,w/h(Total),25.37,V(Min),0.00,A(Min),25.66,V(Max),0.23,A(Max)
2016-11-05 00:00:00,0.000,w/h(Hour),7174.233,w/h(Total),25.28,V(Min),0.00,A(Min),25.37,V(Max),0.00,A(Max)
2016-11-05 01:00:00,0.000,w/h(Hour),7174.233,w/h(Total),25.21,V(Min),0.00,A(Min),25.28,V(Max),0.00,A(Max)
2016-11-05 02:00:00,0.000,w/h(Hour),7174.233,w/h(Total),25.16,V(Min),0.00,A(Min),25.21,V(Max),0.00,A(Max)
2016-11-05 03:00:00,0.000,w/h(Hour),7174.233,w/h(Total),25.11,V(Min),0.00,A(Min),25.16,V(Max),0.00,A(Max)
2016-11-05 04:00:00,0.000,w/h(Hour),7174.233,w/h(Total),25.06,V(Min),0.00,A(Min),25.11,V(Max),0.00,A(Max)
2016-11-05 05:00:00,0.000,w/h(Hour),7174.233,w/h(Total),25.01,V(Min),0.00,A(Min),25.06,V(Max),0.00,A(Max)
2016-11-05 06:00:00,0.000,w/h(Hour),7174.233,w/h(Total),24.97,V(Min),0.00,A(Min),25.01,V(Max),0.00,A(Max)
2016-11-05 07:00:00,0.000,w/h(Hour),7174.233,w/h(Total),24.93,V(Min),0.00,A(Min),24.97,V(Max),0.00,A(Max)
2016-11-05 08:00:00,0.000,w/h(Hour),7174.233,w/h(Total),24.91,V(Min),0.00,A(Min),24.93,V(Max),0.00,A(Max)
2016-11-05 09:00:00,0.000,w/h(Hour),7174.233,w/h(Total),24.89,V(Min),0.00,A(Min),24.91,V(Max),0.00,A(Max)
2016-11-05 10:00:00,0.000,w/h(Hour),7174.233,w/h(Total),24.88,V(Min),0.00,A(Min),24.89,V(Max),0.00,A(Max)
2016-11-05 11:00:00,0.000,w/h(Hour),7174.233,w/h(Total),24.88,V(Min),0.00,A(Min),24.88,V(Max),0.00,A(Max)
2016-11-05 12:00:00,0.000,w/h(Hour),7174.233,w/h(Total),24.87,V(Min),0.00,A(Min),24.88,V(Max),0.00,A(Max)
2016-11-05 13:00:00,15.176,w/h(Hour),7189.408,w/h(Total),24.87,V(Min),0.00,A(Min),25.84,V(Max),3.02,A(Max)
2016-11-05 14:00:00,43.025,w/h(Hour),7232.433,w/h(Total),25.65,V(Min),0.86,A(Min),26.19,V(Max),2.64,A(Max)
2016-11-05 15:00:00,43.716,w/h(Hour),7276.150,w/h(Total),25.87,V(Min),0.00,A(Min),27.00,V(Max),9.84,A(Max)
2016-11-05 16:00:00,26.961,w/h(Hour),7303.110,w/h(Total),25.85,V(Min),0.00,A(Min),26.92,V(Max),13.92,A(Max)
2016-11-05 17:00:00,24.123,w/h(Hour),7327.234,w/h(Total),25.85,V(Min),0.00,A(Min),26.91,V(Max),14.75,A(Max)
2016-11-05 18:00:00,23.286,w/h(Hour),7350.520,w/h(Total),25.85,V(Min),0.00,A(Min),26.89,V(Max),15.43,A(Max)
2016-11-05 19:00:00,21.322,w/h(Hour),7371.842,w/h(Total),25.85,V(Min),0.00,A(Min),26.91,V(Max),13.86,A(Max)
2016-11-05 20:00:00,21.245,w/h(Hour),7393.088,w/h(Total),25.85,V(Min),0.00,A(Min),26.92,V(Max),12.92,A(Max)
2016-11-05 21:00:00,34.055,w/h(Hour),7427.142,w/h(Total),25.87,V(Min),0.00,A(Min),26.96,V(Max),6.78,A(Max)
2016-11-05 22:00:00,16.444,w/h(Hour),7443.587,w/h(Total),25.71,V(Min),0.30,A(Min),26.26,V(Max),1.13,A(Max)
2016-11-05 23:00:00,1.688,w/h(Hour),7445.275,w/h(Total),25.38,V(Min),0.00,A(Min),25.71,V(Max),0.30,A(Max)
2016-11-06 00:00:00,0.000,w/h(Hour),7445.275,w/h(Total),25.29,V(Min),0.00,A(Min),25.38,V(Max),0.00,A(Max)
2016-11-06 01:00:00,0.000,w/h(Hour),7445.275,w/h(Total),25.23,V(Min),0.00,A(Min),25.29,V(Max),0.00,A(Max)
2016-11-06 02:00:00,0.000,w/h(Hour),7445.275,w/h(Total),25.18,V(Min),0.00,A(Min),25.23,V(Max),0.00,A(Max)
2016-11-06 03:00:00,0.000,w/h(Hour),7445.275,w/h(Total),25.13,V(Min),0.00,A(Min),25.18,V(Max),0.00,A(Max)
2016-11-06 04:00:00,0.000,w/h(Hour),7445.275,w/h(Total),25.09,V(Min),0.00,A(Min),25.13,V(Max),0.00,A(Max)
2016-11-06 05:00:00,0.000,w/h(Hour),7445.275,w/h(Total),25.04,V(Min),0.00,A(Min),25.09,V(Max),0.00,A(Max)
2016-11-06 06:00:00,0.000,w/h(Hour),7445.275,w/h(Total),25.00,V(Min),0.00,A(Min),25.04,V(Max),0.00,A(Max)
2016-11-06 07:00:00,0.000,w/h(Hour),7445.275,w/h(Total),24.96,V(Min),0.00,A(Min),25.00,V(Max),0.00,A(Max)
2016-11-06 08:00:00,0.000,w/h(Hour),7445.275,w/h(Total),24.92,V(Min),0.00,A(Min),24.96,V(Max),0.00,A(Max)
2016-11-06 09:00:00,0.000,w/h(Hour),7445.275,w/h(Total),24.89,V(Min),0.00,A(Min),24.92,V(Max),0.00,A(Max)
2016-11-06 10:00:00,0.000,w/h(Hour),7445.275,w/h(Total),24.88,V(Min),0.00,A(Min),24.89,V(Max),0.00,A(Max)
2016-11-06 11:00:00,0.000,w/h(Hour),7445.275,w/h(Total),24.86,V(Min),0.00,A(Min),24.88,V(Max),0.00,A(Max)
2016-11-06 12:00:00,0.000,w/h(Hour),7445.275,w/h(Total),24.86,V(Min),0.00,A(Min),24.86,V(Max),0.00,A(Max)
2016-11-06 13:00:00,13.565,w/h(Hour),7458.840,w/h(Total),24.86,V(Min),0.00,A(Min),25.85,V(Max),2.87,A(Max)
2016-11-06 14:00:00,58.629,w/h(Hour),7517.469,w/h(Total),25.86,V(Min),0.00,A(Min),27.05,V(Max),7.85,A(Max)
2016-11-06 15:00:00,31.927,w/h(Hour),7549.396,w/h(Total),25.86,V(Min),0.00,A(Min),26.97,V(Max),11.42,A(Max)
2016-11-06 16:00:00,25.531,w/h(Hour),7574.927,w/h(Total),25.85,V(Min),0.00,A(Min),26.92,V(Max),13.40,A(Max)
2016-11-06 17:00:00,21.946,w/h(Hour),7596.874,w/h(Total),25.84,V(Min),0.00,A(Min),26.91,V(Max),13.82,A(Max)
2016-11-06 18:00:00,20.602,w/h(Hour),7617.476,w/h(Total),25.85,V(Min),0.00,A(Min),26.89,V(Max),13.81,A(Max)
2016-11-06 19:00:00,19.944,w/h(Hour),7637.421,w/h(Total),25.85,V(Min),0.00,A(Min),26.89,V(Max),13.52,A(Max)
2016-11-06 20:00:00,19.846,w/h(Hour),7657.267,w/h(Total),25.86,V(Min),0.00,A(Min),26.93,V(Max),12.43,A(Max)
2016-11-06 21:00:00,27.719,w/h(Hour),7684.985,w/h(Total),25.88,V(Min),0.00,A(Min),26.91,V(Max),5.46,A(Max)
2016-11-06 22:00:00,12.436,w/h(Hour),7697.421,w/h(Total),25.68,V(Min),0.24,A(Min),26.06,V(Max),0.77,A(Max)
2016-11-06 23:00:00,1.333,w/h(Hour),7698.754,w/h(Total),25.39,V(Min),0.00,A(Min),25.67,V(Max),0.24,A(Max)
2016-11-07 00:00:00,0.000,w/h(Hour),7698.754,w/h(Total),25.30,V(Min),0.00,A(Min),25.39,V(Max),0.00,A(Max)
2016-11-07 01:00:00,0.000,w/h(Hour),7698.754,w/h(Total),25.24,V(Min),0.00,A(Min),25.30,V(Max),0.00,A(Max)
2016-11-07 02:00:00,0.000,w/h(Hour),7698.754,w/h(Total),25.20,V(Min),0.00,A(Min),25.24,V(Max),0.00,A(Max)
2016-11-07 03:00:00,0.000,w/h(Hour),7698.754,w/h(Total),25.15,V(Min),0.00,A(Min),25.20,V(Max),0.00,A(Max)
2016-11-07 04:00:00,0.000,w/h(Hour),7698.754,w/h(Total),25.11,V(Min),0.00,A(Min),25.15,V(Max),0.00,A(Max)
2016-11-07 05:00:00,0.000,w/h(Hour),7698.754,w/h(Total),25.05,V(Min),0.00,A(Min),25.11,V(Max),0.00,A(Max)
2016-11-07 06:00:00,0.000,w/h(Hour),7698.754,w/h(Total),25.04,V(Min),0.00,A(Min),25.08,V(Max),0.00,A(Max)
2016-11-07 07:00:00,0.000,w/h(Hour),7698.754,w/h(Total),25.01,V(Min),0.00,A(Min),25.04,V(Max),0.00,A(Max)
2016-11-07 08:00:00,0.000,w/h(Hour),7698.754,w/h(Total),24.97,V(Min),0.00,A(Min),25.01,V(Max),0.00,A(Max)
2016-11-07 09:00:00,0.000,w/h(Hour),7698.754,w/h(Total),24.94,V(Min),0.00,A(Min),24.97,V(Max),0.00,A(Max)
2016-11-07 10:00:00,0.000,w/h(Hour),7698.754,w/h(Total),24.91,V(Min),0.00,A(Min),24.94,V(Max),0.00,A(Max)
2016-11-07 11:00:00,0.000,w/h(Hour),7698.754,w/h(Total),24.89,V(Min),0.00,A(Min),24.91,V(Max),0.00,A(Max)
2016-11-07 12:00:00,0.000,w/h(Hour),7698.755,w/h(Total),24.88,V(Min),0.00,A(Min),24.89,V(Max),0.02,A(Max)
2016-11-07 13:00:00,10.639,w/h(Hour),7709.393,w/h(Total),24.88,V(Min),0.00,A(Min),25.80,V(Max),2.95,A(Max)
2016-11-07 14:00:00,50.482,w/h(Hour),7759.875,w/h(Total),25.81,V(Min),0.00,A(Min),27.06,V(Max),8.26,A(Max)
2016-11-07 15:00:00,29.252,w/h(Hour),7789.127,w/h(Total),25.86,V(Min),0.00,A(Min),26.97,V(Max),11.83,A(Max)
2016-11-07 16:00:00,23.527,w/h(Hour),7812.654,w/h(Total),25.85,V(Min),0.00,A(Min),26.88,V(Max),13.63,A(Max)
2016-11-07 17:00:00,21.949,w/h(Hour),7834.603,w/h(Total),25.85,V(Min),0.00,A(Min),26.88,V(Max),14.42,A(Max)
2016-11-07 18:00:00,20.894,w/h(Hour),7855.497,w/h(Total),25.86,V(Min),0.00,A(Min),26.78,V(Max),14.45,A(Max)
2016-11-07 19:00:00,19.933,w/h(Hour),7875.430,w/h(Total),25.86,V(Min),0.00,A(Min),26.83,V(Max),14.01,A(Max)
2016-11-07 20:00:00,20.508,w/h(Hour),7895.938,w/h(Total),25.86,V(Min),0.00,A(Min),26.92,V(Max),13.02,A(Max)
2016-11-07 21:00:00,25.639,w/h(Hour),7921.577,w/h(Total),25.90,V(Min),0.00,A(Min),26.95,V(Max),4.99,A(Max)
2016-11-07 22:00:00,11.414,w/h(Hour),7932.991,w/h(Total),25.64,V(Min),0.20,A(Min),25.98,V(Max),0.66,A(Max)
2016-11-07 23:00:00,0.519,w/h(Hour),7933.510,w/h(Total),25.36,V(Min),0.00,A(Min),25.64,V(Max),0.20,A(Max)
2016-11-08 00:00:00,0.000,w/h(Hour),7933.510,w/h(Total),25.28,V(Min),0.00,A(Min),25.36,V(Max),0.00,A(Max)
2016-11-08 01:00:00,0.000,w/h(Hour),7933.510,w/h(Total),25.22,V(Min),0.00,A(Min),25.28,V(Max),0.00,A(Max)
2016-11-08 02:00:00,0.000,w/h(Hour),7933.510,w/h(Total),25.18,V(Min),0.00,A(Min),25.22,V(Max),0.00,A(Max)
2016-11-08 03:00:00,0.000,w/h(Hour),7933.510,w/h(Total),25.14,V(Min),0.00,A(Min),25.18,V(Max),0.00,A(Max)
2016-11-08 04:00:00,0.000,w/h(Hour),7933.510,w/h(Total),25.10,V(Min),0.00,A(Min),25.14,V(Max),0.00,A(Max)
2016-11-08 05:00:00,0.000,w/h(Hour),7933.510,w/h(Total),25.05,V(Min),0.00,A(Min),25.10,V(Max),0.00,A(Max)
2016-11-08 06:00:00,0.000,w/h(Hour),7933.510,w/h(Total),25.02,V(Min),0.00,A(Min),25.06,V(Max),0.00,A(Max)
2016-11-08 07:00:00,0.000,w/h(Hour),7933.510,w/h(Total),24.98,V(Min),0.00,A(Min),25.02,V(Max),0.00,A(Max)
2016-11-08 08:00:00,0.000,w/h(Hour),7933.510,w/h(Total),24.95,V(Min),0.00,A(Min),24.98,V(Max),0.00,A(Max)
2016-11-08 09:00:00,0.000,w/h(Hour),7933.510,w/h(Total),24.92,V(Min),0.00,A(Min),24.95,V(Max),0.00,A(Max)
2016-11-08 10:00:00,0.000,w/h(Hour),7933.510,w/h(Total),24.89,V(Min),0.00,A(Min),24.92,V(Max),0.00,A(Max)
2016-11-08 11:00:00,0.000,w/h(Hour),7933.510,w/h(Total),24.88,V(Min),0.00,A(Min),24.89,V(Max),0.00,A(Max)
2016-11-08 12:00:00,0.000,w/h(Hour),7933.510,w/h(Total),24.87,V(Min),0.00,A(Min),24.88,V(Max),0.00,A(Max)
2016-11-08 13:00:00,0.115,w/h(Hour),7933.624,w/h(Total),24.86,V(Min),0.00,A(Min),24.88,V(Max),0.05,A(Max)
2016-11-08 14:00:00,6.415,w/h(Hour),7940.039,w/h(Total),24.88,V(Min),0.03,A(Min),25.09,V(Max),0.50,A(Max)
2016-11-08 15:00:00,20.182,w/h(Hour),7960.221,w/h(Total),24.99,V(Min),0.20,A(Min),25.57,V(Max),1.19,A(Max)
2016-11-08 16:00:00,41.774,w/h(Hour),8001.995,w/h(Total),25.57,V(Min),0.96,A(Min),26.70,V(Max),4.00,A(Max)
2016-11-08 17:00:00,45.606,w/h(Hour),8047.601,w/h(Total),26.07,V(Min),1.00,A(Min),26.50,V(Max),2.72,A(Max)
2016-11-08 18:00:00,29.029,w/h(Hour),8076.630,w/h(Total),25.87,V(Min),0.00,A(Min),27.03,V(Max),16.41,A(Max)
2016-11-08 19:00:00,30.966,w/h(Hour),8107.596,w/h(Total),25.86,V(Min),0.00,A(Min),27.00,V(Max),16.20,A(Max)
2016-11-08 20:00:00,21.750,w/h(Hour),8129.346,w/h(Total),25.65,V(Min),0.00,A(Min),27.05,V(Max),3.01,A(Max)
2016-11-08 21:00:00,6.042,w/h(Hour),8135.388,w/h(Total),25.51,V(Min),0.04,A(Min),25.66,V(Max),0.63,A(Max)
2016-11-08 22:00:00,6.806,w/h(Hour),8142.194,w/h(Total),25.43,V(Min),0.03,A(Min),25.70,V(Max),0.97,A(Max)
2016-11-08 23:00:00,0.552,w/h(Hour),8142.746,w/h(Total),25.31,V(Min),0.00,A(Min),25.43,V(Max),0.13,A(Max)
2016-11-09 02:00:00,4.921,w/h(Hour),8153.438,w/h(Total),24.60,V(Min),0.00,A(Min),24.98,V(Max),7.84,A(Max)
